tensor_location,criterion_score,layer_name,value_before,value_after,bit_i,baseline_score,accuracy_drop,activation
"(0, 0, 0, 0)",0.95,conv1.weight,-0.03126236,0.0312623605132103,0,0.95,0.0,leakyrelu
"(0, 0, 0, 1)",0.95,conv1.weight,0.013850815,-0.013850814662873745,0,0.95,0.0,leakyrelu
"(0, 0, 0, 2)",0.95,conv1.weight,0.31596008,-0.3159600794315338,0,0.95,0.0,leakyrelu
"(0, 0, 1, 0)",0.95,conv1.weight,-0.11065134,0.11065133661031723,0,0.95,0.0,leakyrelu
"(0, 0, 1, 1)",0.94,conv1.weight,-0.115198165,0.11519816517829895,0,0.95,0.010000000000000009,leakyrelu
"(0, 0, 1, 2)",0.95,conv1.weight,0.4858191,-0.48581910133361816,0,0.95,0.0,leakyrelu
"(0, 0, 2, 0)",0.93,conv1.weight,-0.4510134,0.45101338624954224,0,0.95,0.019999999999999907,leakyrelu
"(0, 0, 2, 1)",0.94,conv1.weight,-0.47323033,0.4732303321361542,0,0.95,0.010000000000000009,leakyrelu
"(0, 0, 2, 2)",0.94,conv1.weight,0.45553306,-0.45553305745124817,0,0.95,0.010000000000000009,leakyrelu
"(1, 0, 0, 0)",0.95,conv1.weight,0.18103977,-0.18103976547718048,0,0.95,0.0,leakyrelu
"(1, 0, 0, 1)",0.95,conv1.weight,0.10198678,-0.10198678076267242,0,0.95,0.0,leakyrelu
"(1, 0, 0, 2)",0.94,conv1.weight,0.20650312,-0.20650312304496765,0,0.95,0.010000000000000009,leakyrelu
"(1, 0, 1, 0)",0.94,conv1.weight,0.5236517,-0.5236517190933228,0,0.95,0.010000000000000009,leakyrelu
"(1, 0, 1, 1)",0.95,conv1.weight,0.44587064,-0.44587063789367676,0,0.95,0.0,leakyrelu
"(1, 0, 1, 2)",0.95,conv1.weight,0.11238163,-0.11238162964582443,0,0.95,0.0,leakyrelu
"(1, 0, 2, 0)",0.95,conv1.weight,0.045584965,-0.045584965497255325,0,0.95,0.0,leakyrelu
"(1, 0, 2, 1)",0.94,conv1.weight,0.3386976,-0.338697612285614,0,0.95,0.010000000000000009,leakyrelu
"(1, 0, 2, 2)",0.94,conv1.weight,0.18885861,-0.18885861337184906,0,0.95,0.010000000000000009,leakyrelu
"(2, 0, 0, 0)",0.92,conv1.weight,0.27899212,-0.2789921164512634,0,0.95,0.029999999999999916,leakyrelu
"(2, 0, 0, 1)",0.89,conv1.weight,0.40748677,-0.40748676657676697,0,0.95,0.05999999999999994,leakyrelu
"(2, 0, 0, 2)",0.93,conv1.weight,0.24060923,-0.24060922861099243,0,0.95,0.019999999999999907,leakyrelu
"(2, 0, 1, 0)",0.95,conv1.weight,0.16274981,-0.16274981200695038,0,0.95,0.0,leakyrelu
"(2, 0, 1, 1)",0.95,conv1.weight,0.021191929,-0.021191928535699844,0,0.95,0.0,leakyrelu
"(2, 0, 1, 2)",0.92,conv1.weight,0.47855195,-0.4785519540309906,0,0.95,0.029999999999999916,leakyrelu
"(2, 0, 2, 0)",0.9,conv1.weight,-0.5518761,0.5518761277198792,0,0.95,0.04999999999999993,leakyrelu
"(2, 0, 2, 1)",0.95,conv1.weight,-0.4392101,0.43921008706092834,0,0.95,0.0,leakyrelu
"(2, 0, 2, 2)",0.95,conv1.weight,0.293143,-0.29314300417900085,0,0.95,0.0,leakyrelu
"(3, 0, 0, 0)",0.95,conv1.weight,0.36907798,-0.36907798051834106,0,0.95,0.0,leakyrelu
"(3, 0, 0, 1)",0.95,conv1.weight,-0.014713476,0.014713476411998272,0,0.95,0.0,leakyrelu
"(3, 0, 0, 2)",0.92,conv1.weight,-0.73509747,0.7350974678993225,0,0.95,0.029999999999999916,leakyrelu
"(3, 0, 1, 0)",0.95,conv1.weight,0.43029207,-0.4302920699119568,0,0.95,0.0,leakyrelu
"(3, 0, 1, 1)",0.95,conv1.weight,0.31979582,-0.3197958171367645,0,0.95,0.0,leakyrelu
"(3, 0, 1, 2)",0.95,conv1.weight,0.13402635,-0.13402634859085083,0,0.95,0.0,leakyrelu
"(3, 0, 2, 0)",0.93,conv1.weight,0.25331154,-0.25331154465675354,0,0.95,0.019999999999999907,leakyrelu
"(3, 0, 2, 1)",0.93,conv1.weight,0.51650536,-0.5165053606033325,0,0.95,0.019999999999999907,leakyrelu
"(3, 0, 2, 2)",0.92,conv1.weight,0.54265386,-0.5426538586616516,0,0.95,0.029999999999999916,leakyrelu
"(0,)",0.94,conv1.bias,-0.1363527,0.13635270297527313,0,0.95,0.010000000000000009,leakyrelu
"(1,)",0.95,conv1.bias,0.16875346,-0.1687534600496292,0,0.95,0.0,leakyrelu
"(2,)",0.95,conv1.bias,-0.2064065,0.20640650391578674,0,0.95,0.0,leakyrelu
"(3,)",0.94,conv1.bias,0.29004815,-0.29004815220832825,0,0.95,0.010000000000000009,leakyrelu
"(0, 0, 0, 0)",0.95,conv2.weight,0.10167557,-0.10167557001113892,0,0.95,0.0,leakyrelu
"(0, 0, 0, 1)",0.94,conv2.weight,-0.13001285,0.1300128549337387,0,0.95,0.010000000000000009,leakyrelu
"(0, 0, 0, 2)",0.95,conv2.weight,0.17864662,-0.17864662408828735,0,0.95,0.0,leakyrelu
"(0, 0, 1, 0)",0.95,conv2.weight,-0.313033,0.31303301453590393,0,0.95,0.0,leakyrelu
"(0, 0, 1, 1)",0.95,conv2.weight,-0.40639448,0.40639448165893555,0,0.95,0.0,leakyrelu
"(0, 0, 1, 2)",0.95,conv2.weight,0.19011071,-0.1901107132434845,0,0.95,0.0,leakyrelu
"(0, 0, 2, 0)",0.95,conv2.weight,-0.11863876,0.11863876134157181,0,0.95,0.0,leakyrelu
"(0, 0, 2, 1)",0.95,conv2.weight,-0.18299712,0.18299712240695953,0,0.95,0.0,leakyrelu
"(0, 0, 2, 2)",0.95,conv2.weight,0.31309336,-0.313093364238739,0,0.95,0.0,leakyrelu
"(0, 1, 0, 0)",0.95,conv2.weight,-0.068934925,0.06893492490053177,0,0.95,0.0,leakyrelu
"(0, 1, 0, 1)",0.94,conv2.weight,-0.18555854,0.18555854260921478,0,0.95,0.010000000000000009,leakyrelu
"(0, 1, 0, 2)",0.95,conv2.weight,-0.015304285,0.01530428510159254,0,0.95,0.0,leakyrelu
"(0, 1, 1, 0)",0.95,conv2.weight,-0.020353813,0.020353812724351883,0,0.95,0.0,leakyrelu
"(0, 1, 1, 1)",0.95,conv2.weight,-0.07815593,0.07815592736005783,0,0.95,0.0,leakyrelu
"(0, 1, 1, 2)",0.95,conv2.weight,-0.0141428085,0.014142808504402637,0,0.95,0.0,leakyrelu
"(0, 1, 2, 0)",0.95,conv2.weight,-0.148047,0.14804700016975403,0,0.95,0.0,leakyrelu
"(0, 1, 2, 1)",0.95,conv2.weight,-0.041543458,0.04154345765709877,0,0.95,0.0,leakyrelu
"(0, 1, 2, 2)",0.95,conv2.weight,0.15599953,-0.15599952638149261,0,0.95,0.0,leakyrelu
"(0, 2, 0, 0)",0.95,conv2.weight,0.08019334,-0.08019334077835083,0,0.95,0.0,leakyrelu
"(0, 2, 0, 1)",0.95,conv2.weight,0.0008317055,-0.0008317055180668831,0,0.95,0.0,leakyrelu
"(0, 2, 0, 2)",0.95,conv2.weight,0.09014728,-0.09014727920293808,0,0.95,0.0,leakyrelu
"(0, 2, 1, 0)",0.95,conv2.weight,-0.04807128,0.048071280121803284,0,0.95,0.0,leakyrelu
"(0, 2, 1, 1)",0.95,conv2.weight,-0.26736957,0.2673695683479309,0,0.95,0.0,leakyrelu
"(0, 2, 1, 2)",0.95,conv2.weight,0.28046507,-0.2804650664329529,0,0.95,0.0,leakyrelu
"(0, 2, 2, 0)",0.95,conv2.weight,-0.0046122395,0.004612239543348551,0,0.95,0.0,leakyrelu
"(0, 2, 2, 1)",0.95,conv2.weight,-0.13613212,0.1361321210861206,0,0.95,0.0,leakyrelu
"(0, 2, 2, 2)",0.95,conv2.weight,0.34163207,-0.34163206815719604,0,0.95,0.0,leakyrelu
"(0, 3, 0, 0)",0.95,conv2.weight,-0.03257339,0.0325733907520771,0,0.95,0.0,leakyrelu
"(0, 3, 0, 1)",0.95,conv2.weight,-0.118285805,0.11828580498695374,0,0.95,0.0,leakyrelu
"(0, 3, 0, 2)",0.94,conv2.weight,-0.112808734,0.11280873417854309,0,0.95,0.010000000000000009,leakyrelu
"(0, 3, 1, 0)",0.95,conv2.weight,-0.099328205,0.09932820498943329,0,0.95,0.0,leakyrelu
"(0, 3, 1, 1)",0.95,conv2.weight,-0.08073127,0.08073127269744873,0,0.95,0.0,leakyrelu
"(0, 3, 1, 2)",0.93,conv2.weight,-0.29691103,0.2969110310077667,0,0.95,0.019999999999999907,leakyrelu
"(0, 3, 2, 0)",0.95,conv2.weight,-0.053485896,0.053485896438360214,0,0.95,0.0,leakyrelu
"(0, 3, 2, 1)",0.95,conv2.weight,0.021564681,-0.021564681082963943,0,0.95,0.0,leakyrelu
"(0, 3, 2, 2)",0.95,conv2.weight,-0.0051415283,0.005141528323292732,0,0.95,0.0,leakyrelu
"(1, 0, 0, 0)",0.94,conv2.weight,0.40611637,-0.4061163663864136,0,0.95,0.010000000000000009,leakyrelu
"(1, 0, 0, 1)",0.95,conv2.weight,-0.037909318,0.03790931776165962,0,0.95,0.0,leakyrelu
"(1, 0, 0, 2)",0.95,conv2.weight,0.19277397,-0.1927739679813385,0,0.95,0.0,leakyrelu
"(1, 0, 1, 0)",0.95,conv2.weight,0.34053475,-0.3405347466468811,0,0.95,0.0,leakyrelu
"(1, 0, 1, 1)",0.95,conv2.weight,-0.17330247,0.17330247163772583,0,0.95,0.0,leakyrelu
"(1, 0, 1, 2)",0.95,conv2.weight,-0.12707362,0.12707361578941345,0,0.95,0.0,leakyrelu
"(1, 0, 2, 0)",0.94,conv2.weight,0.44665715,-0.4466571509838104,0,0.95,0.010000000000000009,leakyrelu
"(1, 0, 2, 1)",0.95,conv2.weight,0.14353205,-0.14353205263614655,0,0.95,0.0,leakyrelu
"(1, 0, 2, 2)",0.95,conv2.weight,-0.008736207,0.008736207149922848,0,0.95,0.0,leakyrelu
"(1, 1, 0, 0)",0.95,conv2.weight,-0.063473456,0.06347345560789108,0,0.95,0.0,leakyrelu
"(1, 1, 0, 1)",0.95,conv2.weight,0.07420273,-0.07420273125171661,0,0.95,0.0,leakyrelu
"(1, 1, 0, 2)",0.95,conv2.weight,0.02020562,-0.020205620676279068,0,0.95,0.0,leakyrelu
"(1, 1, 1, 0)",0.95,conv2.weight,-0.22949791,0.22949790954589844,0,0.95,0.0,leakyrelu
"(1, 1, 1, 1)",0.95,conv2.weight,0.15454246,-0.1545424610376358,0,0.95,0.0,leakyrelu
"(1, 1, 1, 2)",0.95,conv2.weight,-0.2305684,0.23056839406490326,0,0.95,0.0,leakyrelu
"(1, 1, 2, 0)",0.95,conv2.weight,-0.05069617,0.05069617182016373,0,0.95,0.0,leakyrelu
"(1, 1, 2, 1)",0.95,conv2.weight,0.07626484,-0.07626484334468842,0,0.95,0.0,leakyrelu
"(1, 1, 2, 2)",0.95,conv2.weight,-0.00083862385,0.0008386238478124142,0,0.95,0.0,leakyrelu
"(1, 2, 0, 0)",0.94,conv2.weight,0.17739968,-0.177399680018425,0,0.95,0.010000000000000009,leakyrelu
"(1, 2, 0, 1)",0.95,conv2.weight,-0.0534207,0.05342070013284683,0,0.95,0.0,leakyrelu
"(1, 2, 0, 2)",0.95,conv2.weight,-0.20286538,0.2028653770685196,0,0.95,0.0,leakyrelu
"(1, 2, 1, 0)",0.95,conv2.weight,0.20724453,-0.20724453032016754,0,0.95,0.0,leakyrelu
"(1, 2, 1, 1)",0.95,conv2.weight,0.06648862,-0.06648862361907959,0,0.95,0.0,leakyrelu
"(1, 2, 1, 2)",0.94,conv2.weight,-0.38827682,0.3882768154144287,0,0.95,0.010000000000000009,leakyrelu
"(1, 2, 2, 0)",0.95,conv2.weight,0.03555225,-0.0355522483587265,0,0.95,0.0,leakyrelu
"(1, 2, 2, 1)",0.95,conv2.weight,-0.08132294,0.08132293820381165,0,0.95,0.0,leakyrelu
"(1, 2, 2, 2)",0.94,conv2.weight,-0.25963482,0.2596348226070404,0,0.95,0.010000000000000009,leakyrelu
"(1, 3, 0, 0)",0.95,conv2.weight,-0.14811055,0.1481105536222458,0,0.95,0.0,leakyrelu
"(1, 3, 0, 1)",0.94,conv2.weight,0.1747121,-0.17471210658550262,0,0.95,0.010000000000000009,leakyrelu
"(1, 3, 0, 2)",0.95,conv2.weight,-0.14699496,0.1469949632883072,0,0.95,0.0,leakyrelu
"(1, 3, 1, 0)",0.94,conv2.weight,-0.24715087,0.24715086817741394,0,0.95,0.010000000000000009,leakyrelu
"(1, 3, 1, 1)",0.95,conv2.weight,0.2048271,-0.20482710003852844,0,0.95,0.0,leakyrelu
"(1, 3, 1, 2)",0.95,conv2.weight,0.118249565,-0.1182495653629303,0,0.95,0.0,leakyrelu
"(1, 3, 2, 0)",0.95,conv2.weight,-0.22640282,0.22640281915664673,0,0.95,0.0,leakyrelu
"(1, 3, 2, 1)",0.94,conv2.weight,0.25153306,-0.25153306126594543,0,0.95,0.010000000000000009,leakyrelu
"(1, 3, 2, 2)",0.95,conv2.weight,-0.1576482,0.1576482057571411,0,0.95,0.0,leakyrelu
"(2, 0, 0, 0)",0.95,conv2.weight,0.35085025,-0.35085025429725647,0,0.95,0.0,leakyrelu
"(2, 0, 0, 1)",0.93,conv2.weight,0.3967873,-0.39678728580474854,0,0.95,0.019999999999999907,leakyrelu
"(2, 0, 0, 2)",0.95,conv2.weight,-0.03976373,0.03976373001933098,0,0.95,0.0,leakyrelu
"(2, 0, 1, 0)",0.95,conv2.weight,0.0032102894,-0.003210289403796196,0,0.95,0.0,leakyrelu
"(2, 0, 1, 1)",0.94,conv2.weight,-0.22330517,0.22330516576766968,0,0.95,0.010000000000000009,leakyrelu
"(2, 0, 1, 2)",0.95,conv2.weight,-0.47954974,0.47954973578453064,0,0.95,0.0,leakyrelu
"(2, 0, 2, 0)",0.95,conv2.weight,0.060956877,-0.06095687672495842,0,0.95,0.0,leakyrelu
"(2, 0, 2, 1)",0.95,conv2.weight,0.16592689,-0.16592688858509064,0,0.95,0.0,leakyrelu
"(2, 0, 2, 2)",0.95,conv2.weight,0.11582941,-0.11582940816879272,0,0.95,0.0,leakyrelu
"(2, 1, 0, 0)",0.95,conv2.weight,-0.045701347,0.045701347291469574,0,0.95,0.0,leakyrelu
"(2, 1, 0, 1)",0.92,conv2.weight,0.32460532,-0.3246053159236908,0,0.95,0.029999999999999916,leakyrelu
"(2, 1, 0, 2)",0.92,conv2.weight,0.43914747,-0.4391474723815918,0,0.95,0.029999999999999916,leakyrelu
"(2, 1, 1, 0)",0.92,conv2.weight,-0.39383447,0.3938344717025757,0,0.95,0.029999999999999916,leakyrelu
"(2, 1, 1, 1)",0.9,conv2.weight,-0.32483017,0.32483017444610596,0,0.95,0.04999999999999993,leakyrelu
"(2, 1, 1, 2)",0.87,conv2.weight,-0.46053457,0.46053457260131836,0,0.95,0.07999999999999996,leakyrelu
"(2, 1, 2, 0)",0.95,conv2.weight,0.16112776,-0.16112776100635529,0,0.95,0.0,leakyrelu
"(2, 1, 2, 1)",0.9,conv2.weight,-0.2943255,0.29432550072669983,0,0.95,0.04999999999999993,leakyrelu
"(2, 1, 2, 2)",0.94,conv2.weight,-0.098050684,0.09805068373680115,0,0.95,0.010000000000000009,leakyrelu
"(2, 2, 0, 0)",0.94,conv2.weight,0.24232365,-0.24232365190982819,0,0.95,0.010000000000000009,leakyrelu
"(2, 2, 0, 1)",0.93,conv2.weight,0.44441935,-0.44441935420036316,0,0.95,0.019999999999999907,leakyrelu
"(2, 2, 0, 2)",0.92,conv2.weight,0.37537462,-0.37537461519241333,0,0.95,0.029999999999999916,leakyrelu
"(2, 2, 1, 0)",0.95,conv2.weight,-0.3315429,0.3315429091453552,0,0.95,0.0,leakyrelu
"(2, 2, 1, 1)",0.95,conv2.weight,-0.12311367,0.12311366945505142,0,0.95,0.0,leakyrelu
"(2, 2, 1, 2)",0.95,conv2.weight,-0.42362243,0.4236224293708801,0,0.95,0.0,leakyrelu
"(2, 2, 2, 0)",0.95,conv2.weight,-0.041011065,0.04101106524467468,0,0.95,0.0,leakyrelu
"(2, 2, 2, 1)",0.95,conv2.weight,0.23834693,-0.23834693431854248,0,0.95,0.0,leakyrelu
"(2, 2, 2, 2)",0.95,conv2.weight,0.25590986,-0.25590986013412476,0,0.95,0.0,leakyrelu
"(2, 3, 0, 0)",0.95,conv2.weight,-0.13933352,0.13933351635932922,0,0.95,0.0,leakyrelu
"(2, 3, 0, 1)",0.95,conv2.weight,0.14830968,-0.14830967783927917,0,0.95,0.0,leakyrelu
"(2, 3, 0, 2)",0.95,conv2.weight,-0.037502173,0.03750217333436012,0,0.95,0.0,leakyrelu
"(2, 3, 1, 0)",0.93,conv2.weight,-0.30937526,0.30937525629997253,0,0.95,0.019999999999999907,leakyrelu
"(2, 3, 1, 1)",0.92,conv2.weight,-0.40107417,0.4010741710662842,0,0.95,0.029999999999999916,leakyrelu
"(2, 3, 1, 2)",0.87,conv2.weight,-0.40715405,0.40715405344963074,0,0.95,0.07999999999999996,leakyrelu
"(2, 3, 2, 0)",0.94,conv2.weight,0.26194522,-0.2619452178478241,0,0.95,0.010000000000000009,leakyrelu
"(2, 3, 2, 1)",0.95,conv2.weight,-0.03275501,0.032755009829998016,0,0.95,0.0,leakyrelu
"(2, 3, 2, 2)",0.95,conv2.weight,0.11000785,-0.11000785231590271,0,0.95,0.0,leakyrelu
"(3, 0, 0, 0)",0.95,conv2.weight,-0.07521745,0.07521744817495346,0,0.95,0.0,leakyrelu
"(3, 0, 0, 1)",0.95,conv2.weight,-0.10570034,0.10570033639669418,0,0.95,0.0,leakyrelu
"(3, 0, 0, 2)",0.95,conv2.weight,-0.11432505,0.11432504653930664,0,0.95,0.0,leakyrelu
"(3, 0, 1, 0)",0.95,conv2.weight,0.047325045,-0.04732504487037659,0,0.95,0.0,leakyrelu
"(3, 0, 1, 1)",0.94,conv2.weight,0.1623368,-0.1623367965221405,0,0.95,0.010000000000000009,leakyrelu
"(3, 0, 1, 2)",0.95,conv2.weight,0.04232383,-0.04232383146882057,0,0.95,0.0,leakyrelu
"(3, 0, 2, 0)",0.95,conv2.weight,-0.19829454,0.198294535279274,0,0.95,0.0,leakyrelu
"(3, 0, 2, 1)",0.95,conv2.weight,-0.196814,0.19681400060653687,0,0.95,0.0,leakyrelu
"(3, 0, 2, 2)",0.94,conv2.weight,0.09904949,-0.09904949367046356,0,0.95,0.010000000000000009,leakyrelu
"(3, 1, 0, 0)",0.95,conv2.weight,-0.05591697,0.05591696873307228,0,0.95,0.0,leakyrelu
"(3, 1, 0, 1)",0.95,conv2.weight,-0.011763187,0.011763187125325203,0,0.95,0.0,leakyrelu
"(3, 1, 0, 2)",0.95,conv2.weight,-0.020632638,0.020632637664675713,0,0.95,0.0,leakyrelu
"(3, 1, 1, 0)",0.95,conv2.weight,-0.052185226,0.05218522623181343,0,0.95,0.0,leakyrelu
"(3, 1, 1, 1)",0.94,conv2.weight,0.15504311,-0.1550431102514267,0,0.95,0.010000000000000009,leakyrelu
"(3, 1, 1, 2)",0.93,conv2.weight,0.2140273,-0.2140273004770279,0,0.95,0.019999999999999907,leakyrelu
"(3, 1, 2, 0)",0.95,conv2.weight,-0.119593635,0.11959363520145416,0,0.95,0.0,leakyrelu
"(3, 1, 2, 1)",0.95,conv2.weight,-0.13376486,0.1337648630142212,0,0.95,0.0,leakyrelu
"(3, 1, 2, 2)",0.95,conv2.weight,-0.07057474,0.07057473808526993,0,0.95,0.0,leakyrelu
"(3, 2, 0, 0)",0.94,conv2.weight,0.1599304,-0.15993039309978485,0,0.95,0.010000000000000009,leakyrelu
"(3, 2, 0, 1)",0.94,conv2.weight,0.2271887,-0.22718870639801025,0,0.95,0.010000000000000009,leakyrelu
"(3, 2, 0, 2)",0.95,conv2.weight,-0.06275649,0.0627564936876297,0,0.95,0.0,leakyrelu
"(3, 2, 1, 0)",0.95,conv2.weight,-0.21411934,0.2141193449497223,0,0.95,0.0,leakyrelu
"(3, 2, 1, 1)",0.95,conv2.weight,-0.05164136,0.05164135992527008,0,0.95,0.0,leakyrelu
"(3, 2, 1, 2)",0.94,conv2.weight,0.06589824,-0.06589823961257935,0,0.95,0.010000000000000009,leakyrelu
"(3, 2, 2, 0)",0.95,conv2.weight,0.028311025,-0.028311025351285934,0,0.95,0.0,leakyrelu
"(3, 2, 2, 1)",0.95,conv2.weight,0.063653596,-0.06365359574556351,0,0.95,0.0,leakyrelu
"(3, 2, 2, 2)",0.93,conv2.weight,0.23637418,-0.23637418448925018,0,0.95,0.019999999999999907,leakyrelu
"(3, 3, 0, 0)",0.95,conv2.weight,0.012458723,-0.012458723038434982,0,0.95,0.0,leakyrelu
"(3, 3, 0, 1)",0.94,conv2.weight,0.1455013,-0.1455013006925583,0,0.95,0.010000000000000009,leakyrelu
"(3, 3, 0, 2)",0.94,conv2.weight,0.0748659,-0.0748658999800682,0,0.95,0.010000000000000009,leakyrelu
"(3, 3, 1, 0)",0.95,conv2.weight,-0.035226434,0.03522643446922302,0,0.95,0.0,leakyrelu
"(3, 3, 1, 1)",0.95,conv2.weight,-0.13236772,0.13236771523952484,0,0.95,0.0,leakyrelu
"(3, 3, 1, 2)",0.93,conv2.weight,0.20402212,-0.2040221244096756,0,0.95,0.019999999999999907,leakyrelu
"(3, 3, 2, 0)",0.95,conv2.weight,-0.23111336,0.23111335933208466,0,0.95,0.0,leakyrelu
"(3, 3, 2, 1)",0.95,conv2.weight,-0.3226957,0.32269570231437683,0,0.95,0.0,leakyrelu
"(3, 3, 2, 2)",0.94,conv2.weight,-0.16067494,0.16067494451999664,0,0.95,0.010000000000000009,leakyrelu
"(4, 0, 0, 0)",0.95,conv2.weight,0.025859198,-0.025859197601675987,0,0.95,0.0,leakyrelu
"(4, 0, 0, 1)",0.95,conv2.weight,-0.046555925,0.04655592516064644,0,0.95,0.0,leakyrelu
"(4, 0, 0, 2)",0.95,conv2.weight,0.26765987,-0.26765987277030945,0,0.95,0.0,leakyrelu
"(4, 0, 1, 0)",0.95,conv2.weight,-0.03814017,0.03814017027616501,0,0.95,0.0,leakyrelu
"(4, 0, 1, 1)",0.95,conv2.weight,0.012569945,-0.012569945305585861,0,0.95,0.0,leakyrelu
"(4, 0, 1, 2)",0.95,conv2.weight,-0.09921072,0.0992107167840004,0,0.95,0.0,leakyrelu
"(4, 0, 2, 0)",0.95,conv2.weight,0.05987814,-0.059878140687942505,0,0.95,0.0,leakyrelu
"(4, 0, 2, 1)",0.95,conv2.weight,-0.09287306,0.09287305921316147,0,0.95,0.0,leakyrelu
"(4, 0, 2, 2)",0.95,conv2.weight,-0.16915514,0.16915513575077057,0,0.95,0.0,leakyrelu
"(4, 1, 0, 0)",0.94,conv2.weight,0.12873352,-0.12873351573944092,0,0.95,0.010000000000000009,leakyrelu
"(4, 1, 0, 1)",0.95,conv2.weight,0.069000304,-0.06900030374526978,0,0.95,0.0,leakyrelu
"(4, 1, 0, 2)",0.95,conv2.weight,0.013177922,-0.013177921995520592,0,0.95,0.0,leakyrelu
"(4, 1, 1, 0)",0.95,conv2.weight,-0.16407727,0.1640772670507431,0,0.95,0.0,leakyrelu
"(4, 1, 1, 1)",0.93,conv2.weight,0.09150679,-0.09150678664445877,0,0.95,0.019999999999999907,leakyrelu
"(4, 1, 1, 2)",0.95,conv2.weight,-0.099817395,0.09981739521026611,0,0.95,0.0,leakyrelu
"(4, 1, 2, 0)",0.95,conv2.weight,-0.29696184,0.29696184396743774,0,0.95,0.0,leakyrelu
"(4, 1, 2, 1)",0.95,conv2.weight,-0.09032264,0.09032264351844788,0,0.95,0.0,leakyrelu
"(4, 1, 2, 2)",0.93,conv2.weight,0.14094613,-0.1409461349248886,0,0.95,0.019999999999999907,leakyrelu
"(4, 2, 0, 0)",0.95,conv2.weight,0.119846106,-0.11984610557556152,0,0.95,0.0,leakyrelu
"(4, 2, 0, 1)",0.94,conv2.weight,0.1469158,-0.14691579341888428,0,0.95,0.010000000000000009,leakyrelu
"(4, 2, 0, 2)",0.94,conv2.weight,0.23382246,-0.23382246494293213,0,0.95,0.010000000000000009,leakyrelu
"(4, 2, 1, 0)",0.94,conv2.weight,0.16284776,-0.16284775733947754,0,0.95,0.010000000000000009,leakyrelu
"(4, 2, 1, 1)",0.93,conv2.weight,0.14830229,-0.14830228686332703,0,0.95,0.019999999999999907,leakyrelu
"(4, 2, 1, 2)",0.95,conv2.weight,0.038295954,-0.03829595446586609,0,0.95,0.0,leakyrelu
"(4, 2, 2, 0)",0.95,conv2.weight,0.045046523,-0.045046523213386536,0,0.95,0.0,leakyrelu
"(4, 2, 2, 1)",0.93,conv2.weight,0.19440022,-0.19440022110939026,0,0.95,0.019999999999999907,leakyrelu
"(4, 2, 2, 2)",0.95,conv2.weight,0.019188143,-0.01918814331293106,0,0.95,0.0,leakyrelu
"(4, 3, 0, 0)",0.95,conv2.weight,0.068443045,-0.06844304502010345,0,0.95,0.0,leakyrelu
"(4, 3, 0, 1)",0.93,conv2.weight,0.19272819,-0.192728191614151,0,0.95,0.019999999999999907,leakyrelu
"(4, 3, 0, 2)",0.95,conv2.weight,-0.08307127,0.083071269094944,0,0.95,0.0,leakyrelu
"(4, 3, 1, 0)",0.95,conv2.weight,-0.10556721,0.10556720942258835,0,0.95,0.0,leakyrelu
"(4, 3, 1, 1)",0.93,conv2.weight,0.2482138,-0.24821379780769348,0,0.95,0.019999999999999907,leakyrelu
"(4, 3, 1, 2)",0.93,conv2.weight,0.25056103,-0.25056102871894836,0,0.95,0.019999999999999907,leakyrelu
"(4, 3, 2, 0)",0.95,conv2.weight,-0.20513828,0.20513828098773956,0,0.95,0.0,leakyrelu
"(4, 3, 2, 1)",0.94,conv2.weight,-0.22744991,0.2274499088525772,0,0.95,0.010000000000000009,leakyrelu
"(4, 3, 2, 2)",0.94,conv2.weight,-0.12370903,0.12370903044939041,0,0.95,0.010000000000000009,leakyrelu
"(5, 0, 0, 0)",0.95,conv2.weight,-0.14771183,0.1477118283510208,0,0.95,0.0,leakyrelu
"(5, 0, 0, 1)",0.95,conv2.weight,-0.051679637,0.05167963728308678,0,0.95,0.0,leakyrelu
"(5, 0, 0, 2)",0.95,conv2.weight,0.3128781,-0.3128781020641327,0,0.95,0.0,leakyrelu
"(5, 0, 1, 0)",0.95,conv2.weight,-0.013591663,0.013591662980616093,0,0.95,0.0,leakyrelu
"(5, 0, 1, 1)",0.95,conv2.weight,-0.17049597,0.17049597203731537,0,0.95,0.0,leakyrelu
"(5, 0, 1, 2)",0.95,conv2.weight,0.3234098,-0.3234097957611084,0,0.95,0.0,leakyrelu
"(5, 0, 2, 0)",0.95,conv2.weight,-0.057466034,0.05746603384613991,0,0.95,0.0,leakyrelu
"(5, 0, 2, 1)",0.95,conv2.weight,-0.19653112,0.19653111696243286,0,0.95,0.0,leakyrelu
"(5, 0, 2, 2)",0.95,conv2.weight,0.20746663,-0.20746663212776184,0,0.95,0.0,leakyrelu
"(5, 1, 0, 0)",0.95,conv2.weight,0.2937278,-0.2937277853488922,0,0.95,0.0,leakyrelu
"(5, 1, 0, 1)",0.94,conv2.weight,-0.10427733,0.10427732765674591,0,0.95,0.010000000000000009,leakyrelu
"(5, 1, 0, 2)",0.93,conv2.weight,-0.2909631,0.2909631133079529,0,0.95,0.019999999999999907,leakyrelu
"(5, 1, 1, 0)",0.96,conv2.weight,0.29504707,-0.2950470745563507,0,0.95,-0.010000000000000009,leakyrelu
"(5, 1, 1, 1)",0.94,conv2.weight,-0.18231791,0.18231791257858276,0,0.95,0.010000000000000009,leakyrelu
"(5, 1, 1, 2)",0.93,conv2.weight,-0.46458328,0.46458327770233154,0,0.95,0.019999999999999907,leakyrelu
"(5, 1, 2, 0)",0.94,conv2.weight,0.22050239,-0.22050239145755768,0,0.95,0.010000000000000009,leakyrelu
"(5, 1, 2, 1)",0.95,conv2.weight,0.021717709,-0.021717708557844162,0,0.95,0.0,leakyrelu
"(5, 1, 2, 2)",0.95,conv2.weight,-0.19200812,0.1920081228017807,0,0.95,0.0,leakyrelu
"(5, 2, 0, 0)",0.95,conv2.weight,-0.0014862011,0.0014862010721117258,0,0.95,0.0,leakyrelu
"(5, 2, 0, 1)",0.95,conv2.weight,0.0025837505,-0.0025837505236268044,0,0.95,0.0,leakyrelu
"(5, 2, 0, 2)",0.95,conv2.weight,-0.086463176,0.08646317571401596,0,0.95,0.0,leakyrelu
"(5, 2, 1, 0)",0.94,conv2.weight,-0.16589893,0.16589893400669098,0,0.95,0.010000000000000009,leakyrelu
"(5, 2, 1, 1)",0.94,conv2.weight,-0.33786368,0.3378636837005615,0,0.95,0.010000000000000009,leakyrelu
"(5, 2, 1, 2)",0.95,conv2.weight,0.096337914,-0.09633791446685791,0,0.95,0.0,leakyrelu
"(5, 2, 2, 0)",0.95,conv2.weight,-0.08281727,0.08281727135181427,0,0.95,0.0,leakyrelu
"(5, 2, 2, 1)",0.95,conv2.weight,-0.23636226,0.2363622635602951,0,0.95,0.0,leakyrelu
"(5, 2, 2, 2)",0.95,conv2.weight,0.030430134,-0.030430134385824203,0,0.95,0.0,leakyrelu
"(5, 3, 0, 0)",0.95,conv2.weight,0.3760405,-0.3760404884815216,0,0.95,0.0,leakyrelu
"(5, 3, 0, 1)",0.94,conv2.weight,-0.08682403,0.08682402968406677,0,0.95,0.010000000000000009,leakyrelu
"(5, 3, 0, 2)",0.93,conv2.weight,-0.4098917,0.40989169478416443,0,0.95,0.019999999999999907,leakyrelu
"(5, 3, 1, 0)",0.96,conv2.weight,0.26565027,-0.26565027236938477,0,0.95,-0.010000000000000009,leakyrelu
"(5, 3, 1, 1)",0.95,conv2.weight,-0.064625226,0.06462522596120834,0,0.95,0.0,leakyrelu
"(5, 3, 1, 2)",0.94,conv2.weight,-0.3617821,0.36178210377693176,0,0.95,0.010000000000000009,leakyrelu
"(5, 3, 2, 0)",0.95,conv2.weight,0.33545294,-0.33545294404029846,0,0.95,0.0,leakyrelu
"(5, 3, 2, 1)",0.95,conv2.weight,-0.18442604,0.18442603945732117,0,0.95,0.0,leakyrelu
"(5, 3, 2, 2)",0.95,conv2.weight,-0.21462724,0.2146272361278534,0,0.95,0.0,leakyrelu
"(6, 0, 0, 0)",0.95,conv2.weight,-0.3608613,0.36086130142211914,0,0.95,0.0,leakyrelu
"(6, 0, 0, 1)",0.95,conv2.weight,-0.25195488,0.2519548833370209,0,0.95,0.0,leakyrelu
"(6, 0, 0, 2)",0.95,conv2.weight,0.023263132,-0.023263132199645042,0,0.95,0.0,leakyrelu
"(6, 0, 1, 0)",0.95,conv2.weight,-0.39306986,0.393069863319397,0,0.95,0.0,leakyrelu
"(6, 0, 1, 1)",0.95,conv2.weight,-0.5750569,0.5750569105148315,0,0.95,0.0,leakyrelu
"(6, 0, 1, 2)",0.95,conv2.weight,-0.27286455,0.27286455035209656,0,0.95,0.0,leakyrelu
"(6, 0, 2, 0)",0.95,conv2.weight,0.20932563,-0.2093256264925003,0,0.95,0.0,leakyrelu
"(6, 0, 2, 1)",0.95,conv2.weight,0.30522072,-0.30522072315216064,0,0.95,0.0,leakyrelu
"(6, 0, 2, 2)",0.95,conv2.weight,0.00074451615,-0.0007445161463692784,0,0.95,0.0,leakyrelu
"(6, 1, 0, 0)",0.95,conv2.weight,0.06940871,-0.06940870732069016,0,0.95,0.0,leakyrelu
"(6, 1, 0, 1)",0.95,conv2.weight,-0.13665748,0.1366574764251709,0,0.95,0.0,leakyrelu
"(6, 1, 0, 2)",0.95,conv2.weight,-0.024048967,0.02404896728694439,0,0.95,0.0,leakyrelu
"(6, 1, 1, 0)",0.95,conv2.weight,0.04509623,-0.04509622976183891,0,0.95,0.0,leakyrelu
"(6, 1, 1, 1)",0.95,conv2.weight,-0.043579172,0.04357917234301567,0,0.95,0.0,leakyrelu
"(6, 1, 1, 2)",0.94,conv2.weight,-0.5188972,0.5188971757888794,0,0.95,0.010000000000000009,leakyrelu
"(6, 1, 2, 0)",0.95,conv2.weight,0.14815333,-0.14815333485603333,0,0.95,0.0,leakyrelu
"(6, 1, 2, 1)",0.95,conv2.weight,0.1809871,-0.18098710477352142,0,0.95,0.0,leakyrelu
"(6, 1, 2, 2)",0.94,conv2.weight,0.39985037,-0.39985036849975586,0,0.95,0.010000000000000009,leakyrelu
"(6, 2, 0, 0)",0.95,conv2.weight,0.009729035,-0.009729035198688507,0,0.95,0.0,leakyrelu
"(6, 2, 0, 1)",0.95,conv2.weight,0.32752824,-0.3275282382965088,0,0.95,0.0,leakyrelu
"(6, 2, 0, 2)",0.95,conv2.weight,0.12369883,-0.12369883060455322,0,0.95,0.0,leakyrelu
"(6, 2, 1, 0)",0.95,conv2.weight,-0.11762168,0.11762168258428574,0,0.95,0.0,leakyrelu
"(6, 2, 1, 1)",0.95,conv2.weight,-0.23324607,0.2332460731267929,0,0.95,0.0,leakyrelu
"(6, 2, 1, 2)",0.95,conv2.weight,-0.3275939,0.3275938928127289,0,0.95,0.0,leakyrelu
"(6, 2, 2, 0)",0.94,conv2.weight,0.40068805,-0.4006880521774292,0,0.95,0.010000000000000009,leakyrelu
"(6, 2, 2, 1)",0.95,conv2.weight,0.4677919,-0.467791885137558,0,0.95,0.0,leakyrelu
"(6, 2, 2, 2)",0.95,conv2.weight,0.009803956,-0.009803956374526024,0,0.95,0.0,leakyrelu
"(6, 3, 0, 0)",0.95,conv2.weight,-0.16105507,0.1610550731420517,0,0.95,0.0,leakyrelu
"(6, 3, 0, 1)",0.95,conv2.weight,-0.3300964,0.33009639382362366,0,0.95,0.0,leakyrelu
"(6, 3, 0, 2)",0.95,conv2.weight,-0.430124,0.4301240146160126,0,0.95,0.0,leakyrelu
"(6, 3, 1, 0)",0.94,conv2.weight,0.21089263,-0.21089263260364532,0,0.95,0.010000000000000009,leakyrelu
"(6, 3, 1, 1)",0.95,conv2.weight,-0.028188696,0.02818869613111019,0,0.95,0.0,leakyrelu
"(6, 3, 1, 2)",0.95,conv2.weight,-0.2565248,0.25652480125427246,0,0.95,0.0,leakyrelu
"(6, 3, 2, 0)",0.95,conv2.weight,0.35308665,-0.3530866503715515,0,0.95,0.0,leakyrelu
"(6, 3, 2, 1)",0.95,conv2.weight,0.24175175,-0.2417517453432083,0,0.95,0.0,leakyrelu
"(6, 3, 2, 2)",0.93,conv2.weight,0.44775027,-0.4477502703666687,0,0.95,0.019999999999999907,leakyrelu
"(7, 0, 0, 0)",0.95,conv2.weight,-0.059929784,0.05992978438735008,0,0.95,0.0,leakyrelu
"(7, 0, 0, 1)",0.95,conv2.weight,0.04895096,-0.048950958997011185,0,0.95,0.0,leakyrelu
"(7, 0, 0, 2)",0.94,conv2.weight,0.2524036,-0.25240358710289,0,0.95,0.010000000000000009,leakyrelu
"(7, 0, 1, 0)",0.95,conv2.weight,0.22026756,-0.22026756405830383,0,0.95,0.0,leakyrelu
"(7, 0, 1, 1)",0.95,conv2.weight,-0.10896884,0.1089688390493393,0,0.95,0.0,leakyrelu
"(7, 0, 1, 2)",0.94,conv2.weight,0.3037311,-0.30373111367225647,0,0.95,0.010000000000000009,leakyrelu
"(7, 0, 2, 0)",0.95,conv2.weight,0.0029946216,-0.0029946216382086277,0,0.95,0.0,leakyrelu
"(7, 0, 2, 1)",0.95,conv2.weight,-0.27304074,0.2730407416820526,0,0.95,0.0,leakyrelu
"(7, 0, 2, 2)",0.95,conv2.weight,-0.40746984,0.40746983885765076,0,0.95,0.0,leakyrelu
"(7, 1, 0, 0)",0.94,conv2.weight,0.089410834,-0.08941083401441574,0,0.95,0.010000000000000009,leakyrelu
"(7, 1, 0, 1)",0.94,conv2.weight,-0.17160691,0.1716069132089615,0,0.95,0.010000000000000009,leakyrelu
"(7, 1, 0, 2)",0.93,conv2.weight,0.13216345,-0.13216345012187958,0,0.95,0.019999999999999907,leakyrelu
"(7, 1, 1, 0)",0.95,conv2.weight,0.121394,-0.12139400094747543,0,0.95,0.0,leakyrelu
"(7, 1, 1, 1)",0.95,conv2.weight,-0.06059573,0.06059572845697403,0,0.95,0.0,leakyrelu
"(7, 1, 1, 2)",0.95,conv2.weight,-0.011416057,0.011416057124733925,0,0.95,0.0,leakyrelu
"(7, 1, 2, 0)",0.95,conv2.weight,-0.21196665,0.2119666486978531,0,0.95,0.0,leakyrelu
"(7, 1, 2, 1)",0.95,conv2.weight,-0.24408954,0.2440895438194275,0,0.95,0.0,leakyrelu
"(7, 1, 2, 2)",0.95,conv2.weight,-0.3231688,0.3231688141822815,0,0.95,0.0,leakyrelu
"(7, 2, 0, 0)",0.94,conv2.weight,0.30513316,-0.3051331639289856,0,0.95,0.010000000000000009,leakyrelu
"(7, 2, 0, 1)",0.95,conv2.weight,0.03231367,-0.032313670963048935,0,0.95,0.0,leakyrelu
"(7, 2, 0, 2)",0.93,conv2.weight,0.3336226,-0.33362260460853577,0,0.95,0.019999999999999907,leakyrelu
"(7, 2, 1, 0)",0.95,conv2.weight,0.024101764,-0.02410176396369934,0,0.95,0.0,leakyrelu
"(7, 2, 1, 1)",0.95,conv2.weight,-0.1679774,0.16797739267349243,0,0.95,0.0,leakyrelu
"(7, 2, 1, 2)",0.95,conv2.weight,0.058573112,-0.05857311189174652,0,0.95,0.0,leakyrelu
"(7, 2, 2, 0)",0.95,conv2.weight,-0.013389713,0.013389713130891323,0,0.95,0.0,leakyrelu
"(7, 2, 2, 1)",0.95,conv2.weight,-0.32376122,0.3237612247467041,0,0.95,0.0,leakyrelu
"(7, 2, 2, 2)",0.95,conv2.weight,-0.45680937,0.4568093717098236,0,0.95,0.0,leakyrelu
"(7, 3, 0, 0)",0.94,conv2.weight,0.13837668,-0.13837668299674988,0,0.95,0.010000000000000009,leakyrelu
"(7, 3, 0, 1)",0.94,conv2.weight,-0.22700107,0.22700107097625732,0,0.95,0.010000000000000009,leakyrelu
"(7, 3, 0, 2)",0.92,conv2.weight,0.2228518,-0.22285179793834686,0,0.95,0.029999999999999916,leakyrelu
"(7, 3, 1, 0)",0.95,conv2.weight,0.03733749,-0.03733748942613602,0,0.95,0.0,leakyrelu
"(7, 3, 1, 1)",0.95,conv2.weight,-0.1351077,0.13510769605636597,0,0.95,0.0,leakyrelu
"(7, 3, 1, 2)",0.95,conv2.weight,-0.13945553,0.13945552706718445,0,0.95,0.0,leakyrelu
"(7, 3, 2, 0)",0.95,conv2.weight,-0.10028299,0.10028298944234848,0,0.95,0.0,leakyrelu
"(7, 3, 2, 1)",0.95,conv2.weight,-0.07296943,0.07296942919492722,0,0.95,0.0,leakyrelu
"(7, 3, 2, 2)",0.94,conv2.weight,-0.5345694,0.5345693826675415,0,0.95,0.010000000000000009,leakyrelu
"(0,)",0.95,conv2.bias,-0.10841299,0.10841298848390579,0,0.95,0.0,leakyrelu
"(1,)",0.95,conv2.bias,-0.25505498,0.2550549805164337,0,0.95,0.0,leakyrelu
"(2,)",0.95,conv2.bias,0.15795587,-0.15795587003231049,0,0.95,0.0,leakyrelu
"(3,)",0.95,conv2.bias,-0.22561592,0.22561591863632202,0,0.95,0.0,leakyrelu
"(4,)",0.95,conv2.bias,-0.2817113,0.28171131014823914,0,0.95,0.0,leakyrelu
"(5,)",0.95,conv2.bias,-0.003672433,0.0036724330857396126,0,0.95,0.0,leakyrelu
"(6,)",0.95,conv2.bias,-0.23869683,0.23869682848453522,0,0.95,0.0,leakyrelu
"(7,)",0.95,conv2.bias,-0.07640279,0.07640279084444046,0,0.95,0.0,leakyrelu
"(0, 0)",0.95,fc1.weight,0.045710217,-0.04571021720767021,0,0.95,0.0,leakyrelu
"(0, 1)",0.95,fc1.weight,-0.14958893,0.1495889276266098,0,0.95,0.0,leakyrelu
"(0, 2)",0.95,fc1.weight,0.13697456,-0.13697455823421478,0,0.95,0.0,leakyrelu
"(0, 3)",0.95,fc1.weight,0.20257099,-0.20257098972797394,0,0.95,0.0,leakyrelu
"(0, 4)",0.94,fc1.weight,-0.36875182,0.3687518239021301,0,0.95,0.010000000000000009,leakyrelu
"(0, 5)",0.95,fc1.weight,0.3208278,-0.32082781195640564,0,0.95,0.0,leakyrelu
"(0, 6)",0.95,fc1.weight,0.16561207,-0.16561207175254822,0,0.95,0.0,leakyrelu
"(0, 7)",0.95,fc1.weight,-0.22489633,0.22489632666110992,0,0.95,0.0,leakyrelu
"(0, 8)",0.95,fc1.weight,0.031023834,-0.03102383390069008,0,0.95,0.0,leakyrelu
"(0, 9)",0.95,fc1.weight,-0.040042877,0.040042877197265625,0,0.95,0.0,leakyrelu
"(0, 10)",0.94,fc1.weight,-0.10948174,0.10948173701763153,0,0.95,0.010000000000000009,leakyrelu
"(0, 11)",0.95,fc1.weight,-0.09620858,0.09620857983827591,0,0.95,0.0,leakyrelu
"(0, 12)",0.95,fc1.weight,0.035933875,-0.03593387454748154,0,0.95,0.0,leakyrelu
"(0, 13)",0.94,fc1.weight,-0.07558302,0.07558301836252213,0,0.95,0.010000000000000009,leakyrelu
"(0, 14)",0.94,fc1.weight,0.20515954,-0.20515954494476318,0,0.95,0.010000000000000009,leakyrelu
"(0, 15)",0.95,fc1.weight,0.053503275,-0.05350327491760254,0,0.95,0.0,leakyrelu
"(0, 16)",0.94,fc1.weight,-0.08808647,0.08808647096157074,0,0.95,0.010000000000000009,leakyrelu
"(0, 17)",0.94,fc1.weight,-0.14070717,0.14070716500282288,0,0.95,0.010000000000000009,leakyrelu
"(0, 18)",0.95,fc1.weight,-0.054137588,0.054137587547302246,0,0.95,0.0,leakyrelu
"(0, 19)",0.95,fc1.weight,-0.16354354,0.16354353725910187,0,0.95,0.0,leakyrelu
"(0, 20)",0.95,fc1.weight,-0.051391046,0.05139104649424553,0,0.95,0.0,leakyrelu
"(0, 21)",0.95,fc1.weight,-0.23599999,0.23599998652935028,0,0.95,0.0,leakyrelu
"(0, 22)",0.95,fc1.weight,-0.11597765,0.11597765237092972,0,0.95,0.0,leakyrelu
"(0, 23)",0.95,fc1.weight,-0.07526118,0.0752611830830574,0,0.95,0.0,leakyrelu
"(0, 24)",0.95,fc1.weight,-0.03622337,0.03622337058186531,0,0.95,0.0,leakyrelu
"(0, 25)",0.94,fc1.weight,-0.2324723,0.23247230052947998,0,0.95,0.010000000000000009,leakyrelu
"(0, 26)",0.95,fc1.weight,-0.14307763,0.14307762682437897,0,0.95,0.0,leakyrelu
"(0, 27)",0.95,fc1.weight,-0.01438194,0.01438193954527378,0,0.95,0.0,leakyrelu
"(0, 28)",0.95,fc1.weight,-0.07007527,0.07007527351379395,0,0.95,0.0,leakyrelu
"(0, 29)",0.95,fc1.weight,-0.059753377,0.05975337699055672,0,0.95,0.0,leakyrelu
"(0, 30)",0.95,fc1.weight,-0.037761915,0.03776191547513008,0,0.95,0.0,leakyrelu
"(0, 31)",0.95,fc1.weight,-0.065113716,0.06511371582746506,0,0.95,0.0,leakyrelu
"(0, 32)",0.95,fc1.weight,0.1934492,-0.1934491991996765,0,0.95,0.0,leakyrelu
"(0, 33)",0.95,fc1.weight,0.1469681,-0.14696809649467468,0,0.95,0.0,leakyrelu
"(0, 34)",0.95,fc1.weight,0.04334206,-0.04334206134080887,0,0.95,0.0,leakyrelu
"(0, 35)",0.95,fc1.weight,-0.13724859,0.13724859058856964,0,0.95,0.0,leakyrelu
"(0, 36)",0.95,fc1.weight,0.04917899,-0.049178991466760635,0,0.95,0.0,leakyrelu
"(0, 37)",0.95,fc1.weight,-0.076302536,0.07630253583192825,0,0.95,0.0,leakyrelu
"(0, 38)",0.95,fc1.weight,-0.076455034,0.07645503431558609,0,0.95,0.0,leakyrelu
"(0, 39)",0.95,fc1.weight,0.042251654,-0.04225165396928787,0,0.95,0.0,leakyrelu
"(0, 40)",0.95,fc1.weight,-0.113955975,0.11395597457885742,0,0.95,0.0,leakyrelu
"(0, 41)",0.95,fc1.weight,0.21070528,-0.21070528030395508,0,0.95,0.0,leakyrelu
"(0, 42)",0.95,fc1.weight,0.14231105,-0.14231105148792267,0,0.95,0.0,leakyrelu
"(0, 43)",0.95,fc1.weight,0.06072299,-0.060722991824150085,0,0.95,0.0,leakyrelu
"(0, 44)",0.95,fc1.weight,-0.014320198,0.014320198446512222,0,0.95,0.0,leakyrelu
"(0, 45)",0.95,fc1.weight,-0.1162505,0.11625050008296967,0,0.95,0.0,leakyrelu
"(0, 46)",0.94,fc1.weight,-0.16159166,0.16159166395664215,0,0.95,0.010000000000000009,leakyrelu
"(0, 47)",0.95,fc1.weight,0.11171197,-0.11171197146177292,0,0.95,0.0,leakyrelu
"(0, 48)",0.95,fc1.weight,-0.08061437,0.080614373087883,0,0.95,0.0,leakyrelu
"(0, 49)",0.95,fc1.weight,0.39557844,-0.39557844400405884,0,0.95,0.0,leakyrelu
"(0, 50)",0.95,fc1.weight,0.05135455,-0.0513545498251915,0,0.95,0.0,leakyrelu
"(0, 51)",0.95,fc1.weight,0.12181304,-0.12181303650140762,0,0.95,0.0,leakyrelu
"(0, 52)",0.95,fc1.weight,0.056365076,-0.05636507645249367,0,0.95,0.0,leakyrelu
"(0, 53)",0.91,fc1.weight,-0.24801095,0.24801094830036163,0,0.95,0.039999999999999925,leakyrelu
"(0, 54)",0.95,fc1.weight,0.10585241,-0.105852410197258,0,0.95,0.0,leakyrelu
"(0, 55)",0.95,fc1.weight,0.00031053025,-0.00031053024576976895,0,0.95,0.0,leakyrelu
"(0, 56)",0.95,fc1.weight,0.056300487,-0.056300487369298935,0,0.95,0.0,leakyrelu
"(0, 57)",0.95,fc1.weight,0.0049175066,-0.004917506594210863,0,0.95,0.0,leakyrelu
"(0, 58)",0.91,fc1.weight,-0.3013084,0.30130839347839355,0,0.95,0.039999999999999925,leakyrelu
"(0, 59)",0.94,fc1.weight,-0.037319727,0.03731972724199295,0,0.95,0.010000000000000009,leakyrelu
"(0, 60)",0.95,fc1.weight,-0.14853127,0.14853127300739288,0,0.95,0.0,leakyrelu
"(0, 61)",0.95,fc1.weight,0.15867591,-0.1586759090423584,0,0.95,0.0,leakyrelu
"(0, 62)",0.94,fc1.weight,-0.052020494,0.052020493894815445,0,0.95,0.010000000000000009,leakyrelu
"(0, 63)",0.95,fc1.weight,-0.29541567,0.2954156696796417,0,0.95,0.0,leakyrelu
"(0, 64)",0.95,fc1.weight,-0.31916842,0.31916841864585876,0,0.95,0.0,leakyrelu
"(0, 65)",0.95,fc1.weight,-0.21333775,0.2133377492427826,0,0.95,0.0,leakyrelu
"(0, 66)",0.94,fc1.weight,-0.2906578,0.29065778851509094,0,0.95,0.010000000000000009,leakyrelu
"(0, 67)",0.95,fc1.weight,0.12624542,-0.1262454241514206,0,0.95,0.0,leakyrelu
"(0, 68)",0.95,fc1.weight,0.090224974,-0.0902249738574028,0,0.95,0.0,leakyrelu
"(0, 69)",0.95,fc1.weight,0.13528673,-0.13528673350811005,0,0.95,0.0,leakyrelu
"(0, 70)",0.95,fc1.weight,0.022115229,-0.022115228697657585,0,0.95,0.0,leakyrelu
"(0, 71)",0.95,fc1.weight,0.031385213,-0.031385213136672974,0,0.95,0.0,leakyrelu
"(1, 0)",0.95,fc1.weight,-0.14998665,0.1499866545200348,0,0.95,0.0,leakyrelu
"(1, 1)",0.95,fc1.weight,0.19457826,-0.19457826018333435,0,0.95,0.0,leakyrelu
"(1, 2)",0.95,fc1.weight,0.27681616,-0.27681615948677063,0,0.95,0.0,leakyrelu
"(1, 3)",0.95,fc1.weight,-0.376974,0.3769739866256714,0,0.95,0.0,leakyrelu
"(1, 4)",0.95,fc1.weight,0.10571974,-0.10571973770856857,0,0.95,0.0,leakyrelu
"(1, 5)",0.95,fc1.weight,-0.15306924,0.15306924283504486,0,0.95,0.0,leakyrelu
"(1, 6)",0.95,fc1.weight,-0.17498247,0.1749824732542038,0,0.95,0.0,leakyrelu
"(1, 7)",0.95,fc1.weight,0.0842811,-0.08428110182285309,0,0.95,0.0,leakyrelu
"(1, 8)",0.95,fc1.weight,-0.036766887,0.036766886711120605,0,0.95,0.0,leakyrelu
"(1, 9)",0.95,fc1.weight,-0.13608949,0.136089488863945,0,0.95,0.0,leakyrelu
"(1, 10)",0.95,fc1.weight,0.20004462,-0.20004461705684662,0,0.95,0.0,leakyrelu
"(1, 11)",0.95,fc1.weight,0.15743354,-0.15743353962898254,0,0.95,0.0,leakyrelu
"(1, 12)",0.95,fc1.weight,-0.21826167,0.21826167404651642,0,0.95,0.0,leakyrelu
"(1, 13)",0.95,fc1.weight,0.015815089,-0.015815088525414467,0,0.95,0.0,leakyrelu
"(1, 14)",0.95,fc1.weight,-0.28591415,0.2859141528606415,0,0.95,0.0,leakyrelu
"(1, 15)",0.95,fc1.weight,-0.122668214,0.12266821414232254,0,0.95,0.0,leakyrelu
"(1, 16)",0.95,fc1.weight,0.18878731,-0.1887873113155365,0,0.95,0.0,leakyrelu
"(1, 17)",0.95,fc1.weight,-0.27023077,0.270230770111084,0,0.95,0.0,leakyrelu
"(1, 18)",0.95,fc1.weight,0.15056492,-0.15056492388248444,0,0.95,0.0,leakyrelu
"(1, 19)",0.95,fc1.weight,0.13055745,-0.13055744767189026,0,0.95,0.0,leakyrelu
"(1, 20)",0.95,fc1.weight,0.007918438,-0.00791843794286251,0,0.95,0.0,leakyrelu
"(1, 21)",0.95,fc1.weight,-0.023291308,0.02329130843281746,0,0.95,0.0,leakyrelu
"(1, 22)",0.95,fc1.weight,-0.05097621,0.050976209342479706,0,0.95,0.0,leakyrelu
"(1, 23)",0.95,fc1.weight,-0.15829419,0.1582941859960556,0,0.95,0.0,leakyrelu
"(1, 24)",0.95,fc1.weight,-0.17054455,0.1705445498228073,0,0.95,0.0,leakyrelu
"(1, 25)",0.95,fc1.weight,-0.30375,0.30375000834465027,0,0.95,0.0,leakyrelu
"(1, 26)",0.95,fc1.weight,0.1258423,-0.12584230303764343,0,0.95,0.0,leakyrelu
"(1, 27)",0.95,fc1.weight,-0.10603911,0.10603910684585571,0,0.95,0.0,leakyrelu
"(1, 28)",0.95,fc1.weight,0.21611491,-0.21611490845680237,0,0.95,0.0,leakyrelu
"(1, 29)",0.95,fc1.weight,-0.25634685,0.25634685158729553,0,0.95,0.0,leakyrelu
"(1, 30)",0.95,fc1.weight,-0.12975268,0.12975268065929413,0,0.95,0.0,leakyrelu
"(1, 31)",0.95,fc1.weight,-0.2449972,0.24499720335006714,0,0.95,0.0,leakyrelu
"(1, 32)",0.95,fc1.weight,-0.3508182,0.3508181869983673,0,0.95,0.0,leakyrelu
"(1, 33)",0.95,fc1.weight,-0.037547912,0.03754791244864464,0,0.95,0.0,leakyrelu
"(1, 34)",0.95,fc1.weight,0.020695709,-0.020695708692073822,0,0.95,0.0,leakyrelu
"(1, 35)",0.95,fc1.weight,0.1364823,-0.13648229837417603,0,0.95,0.0,leakyrelu
"(1, 36)",0.95,fc1.weight,-0.14967129,0.1496712863445282,0,0.95,0.0,leakyrelu
"(1, 37)",0.95,fc1.weight,0.060902666,-0.0609026663005352,0,0.95,0.0,leakyrelu
"(1, 38)",0.95,fc1.weight,-0.24710177,0.2471017688512802,0,0.95,0.0,leakyrelu
"(1, 39)",0.95,fc1.weight,-0.31775716,0.31775715947151184,0,0.95,0.0,leakyrelu
"(1, 40)",0.95,fc1.weight,-0.036786072,0.036786071956157684,0,0.95,0.0,leakyrelu
"(1, 41)",0.95,fc1.weight,-0.3787054,0.3787054121494293,0,0.95,0.0,leakyrelu
"(1, 42)",0.95,fc1.weight,0.010738597,-0.010738597251474857,0,0.95,0.0,leakyrelu
"(1, 43)",0.95,fc1.weight,0.080048405,-0.08004840463399887,0,0.95,0.0,leakyrelu
"(1, 44)",0.95,fc1.weight,-0.05503228,0.05503227934241295,0,0.95,0.0,leakyrelu
"(1, 45)",0.95,fc1.weight,0.12574157,-0.12574157118797302,0,0.95,0.0,leakyrelu
"(1, 46)",0.95,fc1.weight,0.20172961,-0.20172961056232452,0,0.95,0.0,leakyrelu
"(1, 47)",0.95,fc1.weight,0.20418176,-0.2041817605495453,0,0.95,0.0,leakyrelu
"(1, 48)",0.95,fc1.weight,-0.10993196,0.10993196070194244,0,0.95,0.0,leakyrelu
"(1, 49)",0.95,fc1.weight,-0.068306565,0.068306565284729,0,0.95,0.0,leakyrelu
"(1, 50)",0.93,fc1.weight,0.2983821,-0.29838210344314575,0,0.95,0.019999999999999907,leakyrelu
"(1, 51)",0.95,fc1.weight,-0.15892363,0.15892362594604492,0,0.95,0.0,leakyrelu
"(1, 52)",0.95,fc1.weight,0.29789525,-0.29789525270462036,0,0.95,0.0,leakyrelu
"(1, 53)",0.95,fc1.weight,0.13218348,-0.1321834772825241,0,0.95,0.0,leakyrelu
"(1, 54)",0.95,fc1.weight,0.047729447,-0.04772944748401642,0,0.95,0.0,leakyrelu
"(1, 55)",0.95,fc1.weight,-0.13700575,0.1370057463645935,0,0.95,0.0,leakyrelu
"(1, 56)",0.95,fc1.weight,-0.17513838,0.17513838410377502,0,0.95,0.0,leakyrelu
"(1, 57)",0.95,fc1.weight,-0.19215246,0.1921524554491043,0,0.95,0.0,leakyrelu
"(1, 58)",0.95,fc1.weight,-0.04749018,0.04749017953872681,0,0.95,0.0,leakyrelu
"(1, 59)",0.95,fc1.weight,-0.21722963,0.21722963452339172,0,0.95,0.0,leakyrelu
"(1, 60)",0.95,fc1.weight,0.20432001,-0.2043200135231018,0,0.95,0.0,leakyrelu
"(1, 61)",0.95,fc1.weight,-0.15137956,0.1513795554637909,0,0.95,0.0,leakyrelu
"(1, 62)",0.95,fc1.weight,0.15916263,-0.15916262567043304,0,0.95,0.0,leakyrelu
"(1, 63)",0.95,fc1.weight,0.08476005,-0.08476004749536514,0,0.95,0.0,leakyrelu
"(1, 64)",0.95,fc1.weight,-0.25812525,0.2581252455711365,0,0.95,0.0,leakyrelu
"(1, 65)",0.95,fc1.weight,0.3198703,-0.3198702931404114,0,0.95,0.0,leakyrelu
"(1, 66)",0.95,fc1.weight,-0.13804723,0.1380472332239151,0,0.95,0.0,leakyrelu
"(1, 67)",0.95,fc1.weight,-0.222125,0.22212499380111694,0,0.95,0.0,leakyrelu
"(1, 68)",0.95,fc1.weight,0.019864673,-0.019864672794938087,0,0.95,0.0,leakyrelu
"(1, 69)",0.95,fc1.weight,-0.107527345,0.10752734541893005,0,0.95,0.0,leakyrelu
"(1, 70)",0.95,fc1.weight,0.16824761,-0.16824761033058167,0,0.95,0.0,leakyrelu
"(1, 71)",0.95,fc1.weight,0.20969756,-0.20969755947589874,0,0.95,0.0,leakyrelu
"(2, 0)",0.95,fc1.weight,0.007326162,-0.007326161954551935,0,0.95,0.0,leakyrelu
"(2, 1)",0.95,fc1.weight,-0.036959175,0.036959175020456314,0,0.95,0.0,leakyrelu
"(2, 2)",0.95,fc1.weight,-0.06058898,0.06058897823095322,0,0.95,0.0,leakyrelu
"(2, 3)",0.95,fc1.weight,-0.20951056,0.20951056480407715,0,0.95,0.0,leakyrelu
"(2, 4)",0.95,fc1.weight,0.05162153,-0.05162153020501137,0,0.95,0.0,leakyrelu
"(2, 5)",0.95,fc1.weight,0.23847476,-0.2384747564792633,0,0.95,0.0,leakyrelu
"(2, 6)",0.94,fc1.weight,0.25486806,-0.2548680603504181,0,0.95,0.010000000000000009,leakyrelu
"(2, 7)",0.95,fc1.weight,-0.3594077,0.3594076931476593,0,0.95,0.0,leakyrelu
"(2, 8)",0.95,fc1.weight,-0.058119655,0.05811965465545654,0,0.95,0.0,leakyrelu
"(2, 9)",0.95,fc1.weight,0.07424308,-0.07424308359622955,0,0.95,0.0,leakyrelu
"(2, 10)",0.95,fc1.weight,-0.0354994,0.03549940139055252,0,0.95,0.0,leakyrelu
"(2, 11)",0.95,fc1.weight,0.10623278,-0.10623277723789215,0,0.95,0.0,leakyrelu
"(2, 12)",0.95,fc1.weight,-0.1447972,0.1447972059249878,0,0.95,0.0,leakyrelu
"(2, 13)",0.93,fc1.weight,-0.28658134,0.2865813374519348,0,0.95,0.019999999999999907,leakyrelu
"(2, 14)",0.95,fc1.weight,0.11867017,-0.11867017298936844,0,0.95,0.0,leakyrelu
"(2, 15)",0.95,fc1.weight,0.042691268,-0.042691268026828766,0,0.95,0.0,leakyrelu
"(2, 16)",0.95,fc1.weight,-0.039427623,0.03942762315273285,0,0.95,0.0,leakyrelu
"(2, 17)",0.91,fc1.weight,-0.3289673,0.32896730303764343,0,0.95,0.039999999999999925,leakyrelu
"(2, 18)",0.95,fc1.weight,0.07709936,-0.07709936052560806,0,0.95,0.0,leakyrelu
"(2, 19)",0.95,fc1.weight,0.103155926,-0.10315592586994171,0,0.95,0.0,leakyrelu
"(2, 20)",0.95,fc1.weight,0.083863124,-0.08386312425136566,0,0.95,0.0,leakyrelu
"(2, 21)",0.95,fc1.weight,0.14503217,-0.14503216743469238,0,0.95,0.0,leakyrelu
"(2, 22)",0.93,fc1.weight,0.1924257,-0.1924256980419159,0,0.95,0.019999999999999907,leakyrelu
"(2, 23)",0.95,fc1.weight,-0.22055605,0.22055605053901672,0,0.95,0.0,leakyrelu
"(2, 24)",0.95,fc1.weight,-0.02651606,0.026516059413552284,0,0.95,0.0,leakyrelu
"(2, 25)",0.94,fc1.weight,-0.16698979,0.1669897884130478,0,0.95,0.010000000000000009,leakyrelu
"(2, 26)",0.94,fc1.weight,0.32307592,-0.32307592034339905,0,0.95,0.010000000000000009,leakyrelu
"(2, 27)",0.95,fc1.weight,0.07508956,-0.07508955895900726,0,0.95,0.0,leakyrelu
"(2, 28)",0.95,fc1.weight,0.22503573,-0.22503572702407837,0,0.95,0.0,leakyrelu
"(2, 29)",0.95,fc1.weight,0.074356996,-0.07435699552297592,0,0.95,0.0,leakyrelu
"(2, 30)",0.95,fc1.weight,-0.20210485,0.202104851603508,0,0.95,0.0,leakyrelu
"(2, 31)",0.95,fc1.weight,0.03246423,-0.03246422857046127,0,0.95,0.0,leakyrelu
"(2, 32)",0.95,fc1.weight,-0.1075754,0.10757540166378021,0,0.95,0.0,leakyrelu
"(2, 33)",0.94,fc1.weight,0.1341022,-0.13410219550132751,0,0.95,0.010000000000000009,leakyrelu
"(2, 34)",0.95,fc1.weight,-0.07588017,0.07588016986846924,0,0.95,0.0,leakyrelu
"(2, 35)",0.94,fc1.weight,0.25087768,-0.2508776783943176,0,0.95,0.010000000000000009,leakyrelu
"(2, 36)",0.95,fc1.weight,0.13130328,-0.13130328059196472,0,0.95,0.0,leakyrelu
"(2, 37)",0.95,fc1.weight,0.14062707,-0.14062707126140594,0,0.95,0.0,leakyrelu
"(2, 38)",0.94,fc1.weight,0.16304368,-0.16304367780685425,0,0.95,0.010000000000000009,leakyrelu
"(2, 39)",0.95,fc1.weight,-0.04954543,0.04954542964696884,0,0.95,0.0,leakyrelu
"(2, 40)",0.95,fc1.weight,0.0052684853,-0.00526848528534174,0,0.95,0.0,leakyrelu
"(2, 41)",0.95,fc1.weight,-0.08242347,0.08242347091436386,0,0.95,0.0,leakyrelu
"(2, 42)",0.94,fc1.weight,0.15255642,-0.1525564193725586,0,0.95,0.010000000000000009,leakyrelu
"(2, 43)",0.95,fc1.weight,-0.032849185,0.032849185168743134,0,0.95,0.0,leakyrelu
"(2, 44)",0.94,fc1.weight,0.13185304,-0.13185304403305054,0,0.95,0.010000000000000009,leakyrelu
"(2, 45)",0.95,fc1.weight,-0.15222083,0.15222083032131195,0,0.95,0.0,leakyrelu
"(2, 46)",0.95,fc1.weight,0.18560182,-0.18560181558132172,0,0.95,0.0,leakyrelu
"(2, 47)",0.94,fc1.weight,0.11900764,-0.1190076395869255,0,0.95,0.010000000000000009,leakyrelu
"(2, 48)",0.95,fc1.weight,-0.28446126,0.28446125984191895,0,0.95,0.0,leakyrelu
"(2, 49)",0.95,fc1.weight,-0.32956886,0.32956886291503906,0,0.95,0.0,leakyrelu
"(2, 50)",0.94,fc1.weight,0.10735764,-0.10735764354467392,0,0.95,0.010000000000000009,leakyrelu
"(2, 51)",0.95,fc1.weight,-0.14906797,0.1490679681301117,0,0.95,0.0,leakyrelu
"(2, 52)",0.95,fc1.weight,-0.17297968,0.1729796826839447,0,0.95,0.0,leakyrelu
"(2, 53)",0.9,fc1.weight,-0.27669352,0.27669352293014526,0,0.95,0.04999999999999993,leakyrelu
"(2, 54)",0.95,fc1.weight,0.13378805,-0.13378804922103882,0,0.95,0.0,leakyrelu
"(2, 55)",0.94,fc1.weight,0.051139746,-0.051139745861291885,0,0.95,0.010000000000000009,leakyrelu
"(2, 56)",0.95,fc1.weight,-0.0221126,0.02211260050535202,0,0.95,0.0,leakyrelu
"(2, 57)",0.95,fc1.weight,0.14116573,-0.14116573333740234,0,0.95,0.0,leakyrelu
"(2, 58)",0.95,fc1.weight,0.0049686255,-0.004968625493347645,0,0.95,0.0,leakyrelu
"(2, 59)",0.91,fc1.weight,-0.23637405,0.23637405037879944,0,0.95,0.039999999999999925,leakyrelu
"(2, 60)",0.95,fc1.weight,-0.083921336,0.08392133563756943,0,0.95,0.0,leakyrelu
"(2, 61)",0.94,fc1.weight,-0.07751046,0.07751046121120453,0,0.95,0.010000000000000009,leakyrelu
"(2, 62)",0.91,fc1.weight,0.27981684,-0.2798168361186981,0,0.95,0.039999999999999925,leakyrelu
"(2, 63)",0.95,fc1.weight,0.15568855,-0.1556885540485382,0,0.95,0.0,leakyrelu
"(2, 64)",0.95,fc1.weight,0.16914245,-0.1691424548625946,0,0.95,0.0,leakyrelu
"(2, 65)",0.95,fc1.weight,0.063014686,-0.0630146861076355,0,0.95,0.0,leakyrelu
"(2, 66)",0.95,fc1.weight,-0.045141246,0.04514124616980553,0,0.95,0.0,leakyrelu
"(2, 67)",0.95,fc1.weight,0.13848068,-0.13848067820072174,0,0.95,0.0,leakyrelu
"(2, 68)",0.95,fc1.weight,-0.26801044,0.2680104374885559,0,0.95,0.0,leakyrelu
"(2, 69)",0.95,fc1.weight,-2.8137933e-05,2.8137932531535625e-05,0,0.95,0.0,leakyrelu
"(2, 70)",0.94,fc1.weight,0.15051307,-0.15051306784152985,0,0.95,0.010000000000000009,leakyrelu
"(2, 71)",0.94,fc1.weight,0.17626368,-0.17626367509365082,0,0.95,0.010000000000000009,leakyrelu
"(3, 0)",0.95,fc1.weight,-0.11685155,0.1168515533208847,0,0.95,0.0,leakyrelu
"(3, 1)",0.95,fc1.weight,-0.10895448,0.10895448178052902,0,0.95,0.0,leakyrelu
"(3, 2)",0.95,fc1.weight,0.09792259,-0.09792259335517883,0,0.95,0.0,leakyrelu
"(3, 3)",0.95,fc1.weight,-0.23301558,0.23301558196544647,0,0.95,0.0,leakyrelu
"(3, 4)",0.95,fc1.weight,-0.05501777,0.05501776933670044,0,0.95,0.0,leakyrelu
"(3, 5)",0.95,fc1.weight,-0.09370994,0.09370993822813034,0,0.95,0.0,leakyrelu
"(3, 6)",0.95,fc1.weight,-0.11087713,0.110877126455307,0,0.95,0.0,leakyrelu
"(3, 7)",0.95,fc1.weight,-0.032788612,0.03278861194849014,0,0.95,0.0,leakyrelu
"(3, 8)",0.95,fc1.weight,-0.1112772,0.11127720028162003,0,0.95,0.0,leakyrelu
"(3, 9)",0.95,fc1.weight,0.064990826,-0.0649908259510994,0,0.95,0.0,leakyrelu
"(3, 10)",0.95,fc1.weight,-0.046701215,0.04670121520757675,0,0.95,0.0,leakyrelu
"(3, 11)",0.95,fc1.weight,-0.003861523,0.003861523000523448,0,0.95,0.0,leakyrelu
"(3, 12)",0.95,fc1.weight,-0.10746737,0.10746736824512482,0,0.95,0.0,leakyrelu
"(3, 13)",0.95,fc1.weight,-0.14340943,0.14340943098068237,0,0.95,0.0,leakyrelu
"(3, 14)",0.95,fc1.weight,-0.1338187,0.13381870090961456,0,0.95,0.0,leakyrelu
"(3, 15)",0.95,fc1.weight,0.013661321,-0.013661321252584457,0,0.95,0.0,leakyrelu
"(3, 16)",0.95,fc1.weight,-0.08998366,0.08998365700244904,0,0.95,0.0,leakyrelu
"(3, 17)",0.94,fc1.weight,0.1529817,-0.152981698513031,0,0.95,0.010000000000000009,leakyrelu
"(3, 18)",0.95,fc1.weight,-0.09156695,0.09156695008277893,0,0.95,0.0,leakyrelu
"(3, 19)",0.95,fc1.weight,-0.032951444,0.03295144438743591,0,0.95,0.0,leakyrelu
"(3, 20)",0.95,fc1.weight,-0.004685984,0.004685983993113041,0,0.95,0.0,leakyrelu
"(3, 21)",0.93,fc1.weight,0.18409958,-0.18409958481788635,0,0.95,0.019999999999999907,leakyrelu
"(3, 22)",0.95,fc1.weight,0.129362,-0.12936200201511383,0,0.95,0.0,leakyrelu
"(3, 23)",0.95,fc1.weight,-0.13855119,0.13855119049549103,0,0.95,0.0,leakyrelu
"(3, 24)",0.95,fc1.weight,-0.009858732,0.009858732111752033,0,0.95,0.0,leakyrelu
"(3, 25)",0.92,fc1.weight,0.2726353,-0.2726353108882904,0,0.95,0.029999999999999916,leakyrelu
"(3, 26)",0.95,fc1.weight,-0.2628796,0.2628796100616455,0,0.95,0.0,leakyrelu
"(3, 27)",0.94,fc1.weight,0.18803944,-0.18803943693637848,0,0.95,0.010000000000000009,leakyrelu
"(3, 28)",0.94,fc1.weight,0.142565,-0.14256499707698822,0,0.95,0.010000000000000009,leakyrelu
"(3, 29)",0.95,fc1.weight,-0.06606645,0.0660664513707161,0,0.95,0.0,leakyrelu
"(3, 30)",0.95,fc1.weight,-0.0340895,0.03408949822187424,0,0.95,0.0,leakyrelu
"(3, 31)",0.94,fc1.weight,0.09372278,-0.09372278302907944,0,0.95,0.010000000000000009,leakyrelu
"(3, 32)",0.95,fc1.weight,-0.021330573,0.0213305726647377,0,0.95,0.0,leakyrelu
"(3, 33)",0.95,fc1.weight,0.012002915,-0.012002915143966675,0,0.95,0.0,leakyrelu
"(3, 34)",0.95,fc1.weight,-0.061153166,0.061153165996074677,0,0.95,0.0,leakyrelu
"(3, 35)",0.95,fc1.weight,-0.05229625,0.05229625105857849,0,0.95,0.0,leakyrelu
"(3, 36)",0.94,fc1.weight,0.16420762,-0.16420762240886688,0,0.95,0.010000000000000009,leakyrelu
"(3, 37)",0.92,fc1.weight,0.21622296,-0.21622295677661896,0,0.95,0.029999999999999916,leakyrelu
"(3, 38)",0.95,fc1.weight,0.10599579,-0.1059957891702652,0,0.95,0.0,leakyrelu
"(3, 39)",0.95,fc1.weight,-0.09983263,0.09983263164758682,0,0.95,0.0,leakyrelu
"(3, 40)",0.95,fc1.weight,-0.09888066,0.09888066351413727,0,0.95,0.0,leakyrelu
"(3, 41)",0.94,fc1.weight,0.039886203,-0.03988620266318321,0,0.95,0.010000000000000009,leakyrelu
"(3, 42)",0.95,fc1.weight,0.026821716,-0.026821715757250786,0,0.95,0.0,leakyrelu
"(3, 43)",0.95,fc1.weight,-0.0674833,0.06748329848051071,0,0.95,0.0,leakyrelu
"(3, 44)",0.95,fc1.weight,0.026896166,-0.026896165683865547,0,0.95,0.0,leakyrelu
"(3, 45)",0.95,fc1.weight,0.07130121,-0.07130120694637299,0,0.95,0.0,leakyrelu
"(3, 46)",0.95,fc1.weight,-0.021655504,0.021655503660440445,0,0.95,0.0,leakyrelu
"(3, 47)",0.94,fc1.weight,0.16460386,-0.16460385918617249,0,0.95,0.010000000000000009,leakyrelu
"(3, 48)",0.95,fc1.weight,0.12320013,-0.12320013344287872,0,0.95,0.0,leakyrelu
"(3, 49)",0.95,fc1.weight,-0.3556129,0.3556129038333893,0,0.95,0.0,leakyrelu
"(3, 50)",0.95,fc1.weight,0.0142818615,-0.01428186148405075,0,0.95,0.0,leakyrelu
"(3, 51)",0.95,fc1.weight,0.025582734,-0.025582734495401382,0,0.95,0.0,leakyrelu
"(3, 52)",0.95,fc1.weight,-0.27868995,0.2786899507045746,0,0.95,0.0,leakyrelu
"(3, 53)",0.94,fc1.weight,0.047458507,-0.04745850712060928,0,0.95,0.010000000000000009,leakyrelu
"(3, 54)",0.94,fc1.weight,0.052116416,-0.05211641639471054,0,0.95,0.010000000000000009,leakyrelu
"(3, 55)",0.94,fc1.weight,0.023421526,-0.023421525955200195,0,0.95,0.010000000000000009,leakyrelu
"(3, 56)",0.95,fc1.weight,-0.06321592,0.06321591883897781,0,0.95,0.0,leakyrelu
"(3, 57)",0.95,fc1.weight,0.0077543478,-0.007754347752779722,0,0.95,0.0,leakyrelu
"(3, 58)",0.95,fc1.weight,-0.059449475,0.05944947525858879,0,0.95,0.0,leakyrelu
"(3, 59)",0.93,fc1.weight,0.10309527,-0.10309527069330215,0,0.95,0.019999999999999907,leakyrelu
"(3, 60)",0.93,fc1.weight,0.27454987,-0.2745498716831207,0,0.95,0.019999999999999907,leakyrelu
"(3, 61)",0.91,fc1.weight,0.1758229,-0.1758228987455368,0,0.95,0.039999999999999925,leakyrelu
"(3, 62)",0.95,fc1.weight,-0.0323264,0.03232640027999878,0,0.95,0.0,leakyrelu
"(3, 63)",0.94,fc1.weight,0.2775769,-0.27757689356803894,0,0.95,0.010000000000000009,leakyrelu
"(3, 64)",0.95,fc1.weight,0.14325568,-0.14325568079948425,0,0.95,0.0,leakyrelu
"(3, 65)",0.95,fc1.weight,-0.038499538,0.038499537855386734,0,0.95,0.0,leakyrelu
"(3, 66)",0.94,fc1.weight,0.06052371,-0.060523711144924164,0,0.95,0.010000000000000009,leakyrelu
"(3, 67)",0.94,fc1.weight,0.07614777,-0.07614777237176895,0,0.95,0.010000000000000009,leakyrelu
"(3, 68)",0.95,fc1.weight,-0.052924346,0.052924346178770065,0,0.95,0.0,leakyrelu
"(3, 69)",0.95,fc1.weight,-0.16401294,0.16401293873786926,0,0.95,0.0,leakyrelu
"(3, 70)",0.95,fc1.weight,-0.018111441,0.018111441284418106,0,0.95,0.0,leakyrelu
"(3, 71)",0.95,fc1.weight,-0.22324267,0.22324267029762268,0,0.95,0.0,leakyrelu
"(4, 0)",0.95,fc1.weight,0.22762696,-0.2276269644498825,0,0.95,0.0,leakyrelu
"(4, 1)",0.95,fc1.weight,0.25184694,-0.25184693932533264,0,0.95,0.0,leakyrelu
"(4, 2)",0.95,fc1.weight,0.5060819,-0.5060818791389465,0,0.95,0.0,leakyrelu
"(4, 3)",0.95,fc1.weight,0.041478865,-0.04147886484861374,0,0.95,0.0,leakyrelu
"(4, 4)",0.95,fc1.weight,-0.15865916,0.1586591601371765,0,0.95,0.0,leakyrelu
"(4, 5)",0.95,fc1.weight,0.1122519,-0.1122519001364708,0,0.95,0.0,leakyrelu
"(4, 6)",0.95,fc1.weight,-0.18136491,0.18136490881443024,0,0.95,0.0,leakyrelu
"(4, 7)",0.94,fc1.weight,0.19530931,-0.19530931115150452,0,0.95,0.010000000000000009,leakyrelu
"(4, 8)",0.95,fc1.weight,-0.12235877,0.1223587691783905,0,0.95,0.0,leakyrelu
"(4, 9)",0.95,fc1.weight,-0.06302648,0.06302648037672043,0,0.95,0.0,leakyrelu
"(4, 10)",0.95,fc1.weight,0.15783235,-0.15783235430717468,0,0.95,0.0,leakyrelu
"(4, 11)",0.93,fc1.weight,0.3687133,-0.36871328949928284,0,0.95,0.019999999999999907,leakyrelu
"(4, 12)",0.95,fc1.weight,-0.0718945,0.07189449667930603,0,0.95,0.0,leakyrelu
"(4, 13)",0.95,fc1.weight,0.057423983,-0.05742398276925087,0,0.95,0.0,leakyrelu
"(4, 14)",0.95,fc1.weight,0.03260723,-0.03260723128914833,0,0.95,0.0,leakyrelu
"(4, 15)",0.95,fc1.weight,0.0007309431,-0.0007309431093744934,0,0.95,0.0,leakyrelu
"(4, 16)",0.95,fc1.weight,-0.037597254,0.037597253918647766,0,0.95,0.0,leakyrelu
"(4, 17)",0.95,fc1.weight,0.00039961608,-0.0003996160812675953,0,0.95,0.0,leakyrelu
"(4, 18)",0.95,fc1.weight,0.19023207,-0.1902320683002472,0,0.95,0.0,leakyrelu
"(4, 19)",0.95,fc1.weight,0.2403092,-0.2403091937303543,0,0.95,0.0,leakyrelu
"(4, 20)",0.95,fc1.weight,-0.08844563,0.08844563364982605,0,0.95,0.0,leakyrelu
"(4, 21)",0.95,fc1.weight,-0.113964215,0.11396421492099762,0,0.95,0.0,leakyrelu
"(4, 22)",0.96,fc1.weight,-0.56216663,0.5621666312217712,0,0.95,-0.010000000000000009,leakyrelu
"(4, 23)",0.95,fc1.weight,-0.559259,0.5592589974403381,0,0.95,0.0,leakyrelu
"(4, 24)",0.94,fc1.weight,0.29661825,-0.29661825299263,0,0.95,0.010000000000000009,leakyrelu
"(4, 25)",0.95,fc1.weight,0.063578606,-0.06357860565185547,0,0.95,0.0,leakyrelu
"(4, 26)",0.95,fc1.weight,0.18590638,-0.18590638041496277,0,0.95,0.0,leakyrelu
"(4, 27)",0.95,fc1.weight,0.18328503,-0.18328502774238586,0,0.95,0.0,leakyrelu
"(4, 28)",0.95,fc1.weight,-0.2831742,0.28317418694496155,0,0.95,0.0,leakyrelu
"(4, 29)",0.95,fc1.weight,-0.2732036,0.27320361137390137,0,0.95,0.0,leakyrelu
"(4, 30)",0.95,fc1.weight,0.1791055,-0.1791055053472519,0,0.95,0.0,leakyrelu
"(4, 31)",0.95,fc1.weight,0.046892744,-0.046892743557691574,0,0.95,0.0,leakyrelu
"(4, 32)",0.95,fc1.weight,-0.3803474,0.3803474009037018,0,0.95,0.0,leakyrelu
"(4, 33)",0.95,fc1.weight,0.057733577,-0.057733576744794846,0,0.95,0.0,leakyrelu
"(4, 34)",0.95,fc1.weight,0.031520534,-0.0315205343067646,0,0.95,0.0,leakyrelu
"(4, 35)",0.95,fc1.weight,-0.061494127,0.0614941269159317,0,0.95,0.0,leakyrelu
"(4, 36)",0.95,fc1.weight,-0.099769905,0.09976990520954132,0,0.95,0.0,leakyrelu
"(4, 37)",0.95,fc1.weight,-0.18129025,0.18129025399684906,0,0.95,0.0,leakyrelu
"(4, 38)",0.95,fc1.weight,0.083483584,-0.08348358422517776,0,0.95,0.0,leakyrelu
"(4, 39)",0.95,fc1.weight,0.19504473,-0.19504472613334656,0,0.95,0.0,leakyrelu
"(4, 40)",0.95,fc1.weight,-0.02018056,0.020180560648441315,0,0.95,0.0,leakyrelu
"(4, 41)",0.95,fc1.weight,-0.2575179,0.25751790404319763,0,0.95,0.0,leakyrelu
"(4, 42)",0.95,fc1.weight,0.020417228,-0.0204172283411026,0,0.95,0.0,leakyrelu
"(4, 43)",0.95,fc1.weight,0.016991833,-0.016991833224892616,0,0.95,0.0,leakyrelu
"(4, 44)",0.95,fc1.weight,0.11267384,-0.11267384141683578,0,0.95,0.0,leakyrelu
"(4, 45)",0.95,fc1.weight,0.015557626,-0.015557626262307167,0,0.95,0.0,leakyrelu
"(4, 46)",0.95,fc1.weight,0.26648048,-0.2664804756641388,0,0.95,0.0,leakyrelu
"(4, 47)",0.95,fc1.weight,-0.02133002,0.02133001945912838,0,0.95,0.0,leakyrelu
"(4, 48)",0.95,fc1.weight,-0.043666583,0.04366658255457878,0,0.95,0.0,leakyrelu
"(4, 49)",0.95,fc1.weight,0.15298246,-0.1529824584722519,0,0.95,0.0,leakyrelu
"(4, 50)",0.95,fc1.weight,0.05938153,-0.059381529688835144,0,0.95,0.0,leakyrelu
"(4, 51)",0.95,fc1.weight,-0.081016146,0.08101614564657211,0,0.95,0.0,leakyrelu
"(4, 52)",0.95,fc1.weight,0.09926633,-0.09926632791757584,0,0.95,0.0,leakyrelu
"(4, 53)",0.94,fc1.weight,0.15195075,-0.15195074677467346,0,0.95,0.010000000000000009,leakyrelu
"(4, 54)",0.95,fc1.weight,-0.24247119,0.24247118830680847,0,0.95,0.0,leakyrelu
"(4, 55)",0.92,fc1.weight,-0.2616351,0.26163509488105774,0,0.95,0.029999999999999916,leakyrelu
"(4, 56)",0.93,fc1.weight,-0.20345783,0.20345783233642578,0,0.95,0.019999999999999907,leakyrelu
"(4, 57)",0.95,fc1.weight,0.06291723,-0.06291723251342773,0,0.95,0.0,leakyrelu
"(4, 58)",0.93,fc1.weight,0.20365745,-0.20365744829177856,0,0.95,0.019999999999999907,leakyrelu
"(4, 59)",0.95,fc1.weight,-0.04582487,0.045824870467185974,0,0.95,0.0,leakyrelu
"(4, 60)",0.95,fc1.weight,-0.33886576,0.3388657569885254,0,0.95,0.0,leakyrelu
"(4, 61)",0.95,fc1.weight,-0.23309596,0.2330959588289261,0,0.95,0.0,leakyrelu
"(4, 62)",0.95,fc1.weight,-0.16927563,0.16927562654018402,0,0.95,0.0,leakyrelu
"(4, 63)",0.95,fc1.weight,-0.12771368,0.12771368026733398,0,0.95,0.0,leakyrelu
"(4, 64)",0.95,fc1.weight,-0.08391885,0.08391884714365005,0,0.95,0.0,leakyrelu
"(4, 65)",0.95,fc1.weight,-0.3467331,0.34673309326171875,0,0.95,0.0,leakyrelu
"(4, 66)",0.95,fc1.weight,-0.10363627,0.10363627225160599,0,0.95,0.0,leakyrelu
"(4, 67)",0.95,fc1.weight,-0.15967895,0.15967895090579987,0,0.95,0.0,leakyrelu
"(4, 68)",0.95,fc1.weight,0.03641447,-0.03641447052359581,0,0.95,0.0,leakyrelu
"(4, 69)",0.95,fc1.weight,0.0052214395,-0.005221439525485039,0,0.95,0.0,leakyrelu
"(4, 70)",0.95,fc1.weight,0.07243547,-0.07243546843528748,0,0.95,0.0,leakyrelu
"(4, 71)",0.95,fc1.weight,0.16657238,-0.16657237708568573,0,0.95,0.0,leakyrelu
"(5, 0)",0.95,fc1.weight,0.027303454,-0.027303453534841537,0,0.95,0.0,leakyrelu
"(5, 1)",0.95,fc1.weight,0.20799205,-0.2079920470714569,0,0.95,0.0,leakyrelu
"(5, 2)",0.95,fc1.weight,-0.079773374,0.07977337390184402,0,0.95,0.0,leakyrelu
"(5, 3)",0.95,fc1.weight,0.099743344,-0.09974334388971329,0,0.95,0.0,leakyrelu
"(5, 4)",0.95,fc1.weight,0.04857561,-0.04857560992240906,0,0.95,0.0,leakyrelu
"(5, 5)",0.95,fc1.weight,-0.12073271,0.12073270976543427,0,0.95,0.0,leakyrelu
"(5, 6)",0.95,fc1.weight,-0.20812893,0.2081289291381836,0,0.95,0.0,leakyrelu
"(5, 7)",0.95,fc1.weight,-0.14827062,0.1482706218957901,0,0.95,0.0,leakyrelu
"(5, 8)",0.95,fc1.weight,0.15162757,-0.1516275703907013,0,0.95,0.0,leakyrelu
"(5, 9)",0.95,fc1.weight,-0.11746479,0.11746478825807571,0,0.95,0.0,leakyrelu
"(5, 10)",0.95,fc1.weight,-0.041581683,0.04158168286085129,0,0.95,0.0,leakyrelu
"(5, 11)",0.94,fc1.weight,-0.4681901,0.46819010376930237,0,0.95,0.010000000000000009,leakyrelu
"(5, 12)",0.95,fc1.weight,-0.0549208,0.054920800030231476,0,0.95,0.0,leakyrelu
"(5, 13)",0.95,fc1.weight,0.09750756,-0.09750755876302719,0,0.95,0.0,leakyrelu
"(5, 14)",0.95,fc1.weight,-0.0643036,0.06430359929800034,0,0.95,0.0,leakyrelu
"(5, 15)",0.95,fc1.weight,-0.054731738,0.054731737822294235,0,0.95,0.0,leakyrelu
"(5, 16)",0.95,fc1.weight,-0.08832359,0.08832359313964844,0,0.95,0.0,leakyrelu
"(5, 17)",0.95,fc1.weight,0.105505645,-0.10550564527511597,0,0.95,0.0,leakyrelu
"(5, 18)",0.95,fc1.weight,-0.26148397,0.26148396730422974,0,0.95,0.0,leakyrelu
"(5, 19)",0.95,fc1.weight,-0.18909246,0.1890924572944641,0,0.95,0.0,leakyrelu
"(5, 20)",0.95,fc1.weight,-0.07393853,0.0739385336637497,0,0.95,0.0,leakyrelu
"(5, 21)",0.95,fc1.weight,-0.041935418,0.04193541780114174,0,0.95,0.0,leakyrelu
"(5, 22)",0.95,fc1.weight,-0.046222873,0.04622287303209305,0,0.95,0.0,leakyrelu
"(5, 23)",0.88,fc1.weight,0.4418684,-0.441868394613266,0,0.95,0.06999999999999995,leakyrelu
"(5, 24)",0.95,fc1.weight,0.085083954,-0.08508395403623581,0,0.95,0.0,leakyrelu
"(5, 25)",0.95,fc1.weight,0.11009829,-0.11009828746318817,0,0.95,0.0,leakyrelu
"(5, 26)",0.94,fc1.weight,-0.25444907,0.2544490694999695,0,0.95,0.010000000000000009,leakyrelu
"(5, 27)",0.95,fc1.weight,-0.04562715,0.04562715068459511,0,0.95,0.0,leakyrelu
"(5, 28)",0.95,fc1.weight,-0.19956598,0.19956597685813904,0,0.95,0.0,leakyrelu
"(5, 29)",0.95,fc1.weight,0.09091894,-0.09091894328594208,0,0.95,0.0,leakyrelu
"(5, 30)",0.95,fc1.weight,0.02221252,-0.022212520241737366,0,0.95,0.0,leakyrelu
"(5, 31)",0.94,fc1.weight,0.17165431,-0.17165431380271912,0,0.95,0.010000000000000009,leakyrelu
"(5, 32)",0.95,fc1.weight,0.044105116,-0.04410511627793312,0,0.95,0.0,leakyrelu
"(5, 33)",0.95,fc1.weight,-0.010104818,0.010104818269610405,0,0.95,0.0,leakyrelu
"(5, 34)",0.95,fc1.weight,0.046572857,-0.04657285660505295,0,0.95,0.0,leakyrelu
"(5, 35)",0.95,fc1.weight,-0.009788297,0.00978829711675644,0,0.95,0.0,leakyrelu
"(5, 36)",0.95,fc1.weight,-0.13471025,0.13471025228500366,0,0.95,0.0,leakyrelu
"(5, 37)",0.95,fc1.weight,-0.015212764,0.015212764032185078,0,0.95,0.0,leakyrelu
"(5, 38)",0.95,fc1.weight,0.036325224,-0.03632522374391556,0,0.95,0.0,leakyrelu
"(5, 39)",0.95,fc1.weight,-0.036195967,0.036195967346429825,0,0.95,0.0,leakyrelu
"(5, 40)",0.94,fc1.weight,0.14826727,-0.14826726913452148,0,0.95,0.010000000000000009,leakyrelu
"(5, 41)",0.95,fc1.weight,0.0060685854,-0.006068585440516472,0,0.95,0.0,leakyrelu
"(5, 42)",0.95,fc1.weight,-0.10532183,0.10532183200120926,0,0.95,0.0,leakyrelu
"(5, 43)",0.95,fc1.weight,-0.06215958,0.06215957924723625,0,0.95,0.0,leakyrelu
"(5, 44)",0.95,fc1.weight,-0.061743874,0.06174387410283089,0,0.95,0.0,leakyrelu
"(5, 45)",0.95,fc1.weight,0.08902947,-0.0890294685959816,0,0.95,0.0,leakyrelu
"(5, 46)",0.95,fc1.weight,-0.40812546,0.40812546014785767,0,0.95,0.0,leakyrelu
"(5, 47)",0.94,fc1.weight,-0.38391984,0.3839198350906372,0,0.95,0.010000000000000009,leakyrelu
"(5, 48)",0.95,fc1.weight,-0.02023394,0.020233940333127975,0,0.95,0.0,leakyrelu
"(5, 49)",0.95,fc1.weight,0.09020459,-0.09020458906888962,0,0.95,0.0,leakyrelu
"(5, 50)",0.94,fc1.weight,-0.13076559,0.13076558709144592,0,0.95,0.010000000000000009,leakyrelu
"(5, 51)",0.95,fc1.weight,-0.0745069,0.07450690120458603,0,0.95,0.0,leakyrelu
"(5, 52)",0.95,fc1.weight,-0.19726096,0.19726096093654633,0,0.95,0.0,leakyrelu
"(5, 53)",0.95,fc1.weight,0.13501367,-0.1350136697292328,0,0.95,0.0,leakyrelu
"(5, 54)",0.95,fc1.weight,-0.18652138,0.18652138113975525,0,0.95,0.0,leakyrelu
"(5, 55)",0.95,fc1.weight,-0.02772678,0.027726780623197556,0,0.95,0.0,leakyrelu
"(5, 56)",0.94,fc1.weight,-0.123576246,0.12357624620199203,0,0.95,0.010000000000000009,leakyrelu
"(5, 57)",0.95,fc1.weight,-0.06351853,0.06351853162050247,0,0.95,0.0,leakyrelu
"(5, 58)",0.95,fc1.weight,0.039626915,-0.039626915007829666,0,0.95,0.0,leakyrelu
"(5, 59)",0.93,fc1.weight,0.14001966,-0.14001965522766113,0,0.95,0.019999999999999907,leakyrelu
"(5, 60)",0.95,fc1.weight,0.21560527,-0.21560527384281158,0,0.95,0.0,leakyrelu
"(5, 61)",0.91,fc1.weight,0.26161495,-0.26161494851112366,0,0.95,0.039999999999999925,leakyrelu
"(5, 62)",0.95,fc1.weight,-0.07636059,0.07636059075593948,0,0.95,0.0,leakyrelu
"(5, 63)",0.95,fc1.weight,-0.32502478,0.3250247836112976,0,0.95,0.0,leakyrelu
"(5, 64)",0.95,fc1.weight,-0.092361465,0.0923614650964737,0,0.95,0.0,leakyrelu
"(5, 65)",0.95,fc1.weight,0.2577706,-0.2577705979347229,0,0.95,0.0,leakyrelu
"(5, 66)",0.95,fc1.weight,0.045475442,-0.045475441962480545,0,0.95,0.0,leakyrelu
"(5, 67)",0.95,fc1.weight,0.16377734,-0.16377733647823334,0,0.95,0.0,leakyrelu
"(5, 68)",0.95,fc1.weight,0.22721294,-0.22721293568611145,0,0.95,0.0,leakyrelu
"(5, 69)",0.95,fc1.weight,-0.03526668,0.035266678780317307,0,0.95,0.0,leakyrelu
"(5, 70)",0.95,fc1.weight,-0.116245605,0.11624560505151749,0,0.95,0.0,leakyrelu
"(5, 71)",0.95,fc1.weight,-0.06971757,0.06971757113933563,0,0.95,0.0,leakyrelu
"(6, 0)",0.95,fc1.weight,-0.03506305,0.03506305068731308,0,0.95,0.0,leakyrelu
"(6, 1)",0.95,fc1.weight,-0.013461497,0.01346149668097496,0,0.95,0.0,leakyrelu
"(6, 2)",0.95,fc1.weight,-0.18315074,0.1831507384777069,0,0.95,0.0,leakyrelu
"(6, 3)",0.94,fc1.weight,0.22160612,-0.22160612046718597,0,0.95,0.010000000000000009,leakyrelu
"(6, 4)",0.95,fc1.weight,-0.0340427,0.03404270112514496,0,0.95,0.0,leakyrelu
"(6, 5)",0.95,fc1.weight,-0.07447749,0.07447748631238937,0,0.95,0.0,leakyrelu
"(6, 6)",0.94,fc1.weight,0.15632161,-0.15632161498069763,0,0.95,0.010000000000000009,leakyrelu
"(6, 7)",0.95,fc1.weight,-0.22400382,0.22400382161140442,0,0.95,0.0,leakyrelu
"(6, 8)",0.95,fc1.weight,-0.2398448,0.23984479904174805,0,0.95,0.0,leakyrelu
"(6, 9)",0.95,fc1.weight,-0.036141668,0.036141667515039444,0,0.95,0.0,leakyrelu
"(6, 10)",0.94,fc1.weight,0.06880119,-0.06880118697881699,0,0.95,0.010000000000000009,leakyrelu
"(6, 11)",0.94,fc1.weight,-0.35431513,0.3543151319026947,0,0.95,0.010000000000000009,leakyrelu
"(6, 12)",0.95,fc1.weight,-0.01924148,0.01924148015677929,0,0.95,0.0,leakyrelu
"(6, 13)",0.95,fc1.weight,0.02586088,-0.025860879570245743,0,0.95,0.0,leakyrelu
"(6, 14)",0.95,fc1.weight,-0.19724296,0.19724296033382416,0,0.95,0.0,leakyrelu
"(6, 15)",0.95,fc1.weight,-0.029800376,0.029800375923514366,0,0.95,0.0,leakyrelu
"(6, 16)",0.94,fc1.weight,0.12788725,-0.12788724899291992,0,0.95,0.010000000000000009,leakyrelu
"(6, 17)",0.95,fc1.weight,-0.11288343,0.11288343369960785,0,0.95,0.0,leakyrelu
"(6, 18)",0.95,fc1.weight,-0.0357728,0.03577280044555664,0,0.95,0.0,leakyrelu
"(6, 19)",0.95,fc1.weight,-0.10659338,0.10659337788820267,0,0.95,0.0,leakyrelu
"(6, 20)",0.95,fc1.weight,0.06591637,-0.06591636687517166,0,0.95,0.0,leakyrelu
"(6, 21)",0.95,fc1.weight,-0.4906697,0.49066969752311707,0,0.95,0.0,leakyrelu
"(6, 22)",0.95,fc1.weight,-0.4456894,0.4456894099712372,0,0.95,0.0,leakyrelu
"(6, 23)",0.95,fc1.weight,0.10149214,-0.10149213671684265,0,0.95,0.0,leakyrelu
"(6, 24)",0.95,fc1.weight,-0.11630561,0.11630561202764511,0,0.95,0.0,leakyrelu
"(6, 25)",0.94,fc1.weight,0.21797568,-0.2179756760597229,0,0.95,0.010000000000000009,leakyrelu
"(6, 26)",0.95,fc1.weight,0.050957922,-0.050957921892404556,0,0.95,0.0,leakyrelu
"(6, 27)",0.95,fc1.weight,-0.12012538,0.12012538313865662,0,0.95,0.0,leakyrelu
"(6, 28)",0.95,fc1.weight,-0.3590269,0.3590269088745117,0,0.95,0.0,leakyrelu
"(6, 29)",0.95,fc1.weight,0.20853107,-0.20853106677532196,0,0.95,0.0,leakyrelu
"(6, 30)",0.95,fc1.weight,-0.024194535,0.024194534868001938,0,0.95,0.0,leakyrelu
"(6, 31)",0.95,fc1.weight,-0.253189,0.25318899750709534,0,0.95,0.0,leakyrelu
"(6, 32)",0.95,fc1.weight,0.06953397,-0.06953396648168564,0,0.95,0.0,leakyrelu
"(6, 33)",0.95,fc1.weight,-0.001524036,0.0015240360517054796,0,0.95,0.0,leakyrelu
"(6, 34)",0.94,fc1.weight,0.14125767,-0.14125767350196838,0,0.95,0.010000000000000009,leakyrelu
"(6, 35)",0.95,fc1.weight,0.1073345,-0.10733450204133987,0,0.95,0.0,leakyrelu
"(6, 36)",0.95,fc1.weight,-0.14378384,0.143783837556839,0,0.95,0.0,leakyrelu
"(6, 37)",0.95,fc1.weight,-0.005208655,0.005208654794842005,0,0.95,0.0,leakyrelu
"(6, 38)",0.95,fc1.weight,0.112606205,-0.11260620504617691,0,0.95,0.0,leakyrelu
"(6, 39)",0.95,fc1.weight,-0.055995286,0.055995285511016846,0,0.95,0.0,leakyrelu
"(6, 40)",0.95,fc1.weight,-0.25010937,0.25010937452316284,0,0.95,0.0,leakyrelu
"(6, 41)",0.95,fc1.weight,-0.051821437,0.05182143673300743,0,0.95,0.0,leakyrelu
"(6, 42)",0.95,fc1.weight,0.03749419,-0.03749419003725052,0,0.95,0.0,leakyrelu
"(6, 43)",0.94,fc1.weight,0.18324667,-0.1832466721534729,0,0.95,0.010000000000000009,leakyrelu
"(6, 44)",0.95,fc1.weight,0.051823363,-0.051823362708091736,0,0.95,0.0,leakyrelu
"(6, 45)",0.95,fc1.weight,0.04938576,-0.049385759979486465,0,0.95,0.0,leakyrelu
"(6, 46)",0.94,fc1.weight,0.17199318,-0.1719931811094284,0,0.95,0.010000000000000009,leakyrelu
"(6, 47)",0.95,fc1.weight,0.01689051,-0.0168905109167099,0,0.95,0.0,leakyrelu
"(6, 48)",0.95,fc1.weight,-0.029083896,0.029083896428346634,0,0.95,0.0,leakyrelu
"(6, 49)",0.94,fc1.weight,0.19199184,-0.19199183583259583,0,0.95,0.010000000000000009,leakyrelu
"(6, 50)",0.93,fc1.weight,-0.15662596,0.15662595629692078,0,0.95,0.019999999999999907,leakyrelu
"(6, 51)",0.95,fc1.weight,0.2983542,-0.29835420846939087,0,0.95,0.0,leakyrelu
"(6, 52)",0.95,fc1.weight,-0.066773735,0.06677373498678207,0,0.95,0.0,leakyrelu
"(6, 53)",0.95,fc1.weight,0.009815916,-0.009815916419029236,0,0.95,0.0,leakyrelu
"(6, 54)",0.95,fc1.weight,-0.27075085,0.27075085043907166,0,0.95,0.0,leakyrelu
"(6, 55)",0.92,fc1.weight,-0.2806132,0.2806132137775421,0,0.95,0.029999999999999916,leakyrelu
"(6, 56)",0.89,fc1.weight,-0.2600006,0.2600005865097046,0,0.95,0.05999999999999994,leakyrelu
"(6, 57)",0.94,fc1.weight,-0.30857676,0.308576762676239,0,0.95,0.010000000000000009,leakyrelu
"(6, 58)",0.95,fc1.weight,-0.029805485,0.029805485159158707,0,0.95,0.0,leakyrelu
"(6, 59)",0.88,fc1.weight,0.376369,-0.37636899948120117,0,0.95,0.06999999999999995,leakyrelu
"(6, 60)",0.95,fc1.weight,-0.18179668,0.18179668486118317,0,0.95,0.0,leakyrelu
"(6, 61)",0.94,fc1.weight,0.22567415,-0.22567415237426758,0,0.95,0.010000000000000009,leakyrelu
"(6, 62)",0.95,fc1.weight,-0.031989694,0.0319896936416626,0,0.95,0.0,leakyrelu
"(6, 63)",0.95,fc1.weight,-0.25086966,0.25086966156959534,0,0.95,0.0,leakyrelu
"(6, 64)",0.95,fc1.weight,0.14048901,-0.14048901200294495,0,0.95,0.0,leakyrelu
"(6, 65)",0.95,fc1.weight,0.57383096,-0.5738309621810913,0,0.95,0.0,leakyrelu
"(6, 66)",0.95,fc1.weight,-0.5234299,0.5234298706054688,0,0.95,0.0,leakyrelu
"(6, 67)",0.95,fc1.weight,-0.34728572,0.3472857177257538,0,0.95,0.0,leakyrelu
"(6, 68)",0.95,fc1.weight,0.059970256,-0.05997025594115257,0,0.95,0.0,leakyrelu
"(6, 69)",0.94,fc1.weight,0.22467947,-0.22467947006225586,0,0.95,0.010000000000000009,leakyrelu
"(6, 70)",0.94,fc1.weight,0.27046064,-0.2704606354236603,0,0.95,0.010000000000000009,leakyrelu
"(6, 71)",0.95,fc1.weight,0.07687956,-0.07687956094741821,0,0.95,0.0,leakyrelu
"(7, 0)",0.95,fc1.weight,-0.024929967,0.024929966777563095,0,0.95,0.0,leakyrelu
"(7, 1)",0.95,fc1.weight,-0.11507013,0.11507012695074081,0,0.95,0.0,leakyrelu
"(7, 2)",0.95,fc1.weight,-0.15784945,0.15784944593906403,0,0.95,0.0,leakyrelu
"(7, 3)",0.95,fc1.weight,-0.14516753,0.1451675295829773,0,0.95,0.0,leakyrelu
"(7, 4)",0.95,fc1.weight,0.22856387,-0.22856387495994568,0,0.95,0.0,leakyrelu
"(7, 5)",0.95,fc1.weight,-0.12130266,0.12130265682935715,0,0.95,0.0,leakyrelu
"(7, 6)",0.94,fc1.weight,-0.14616174,0.1461617350578308,0,0.95,0.010000000000000009,leakyrelu
"(7, 7)",0.95,fc1.weight,0.29323277,-0.2932327687740326,0,0.95,0.0,leakyrelu
"(7, 8)",0.95,fc1.weight,-0.1466635,0.14666350185871124,0,0.95,0.0,leakyrelu
"(7, 9)",0.95,fc1.weight,-0.007187994,0.007187994197010994,0,0.95,0.0,leakyrelu
"(7, 10)",0.95,fc1.weight,0.11341961,-0.11341960728168488,0,0.95,0.0,leakyrelu
"(7, 11)",0.95,fc1.weight,-0.13794321,0.13794320821762085,0,0.95,0.0,leakyrelu
"(7, 12)",0.95,fc1.weight,-0.024355909,0.02435590885579586,0,0.95,0.0,leakyrelu
"(7, 13)",0.94,fc1.weight,-0.110117316,0.11011731624603271,0,0.95,0.010000000000000009,leakyrelu
"(7, 14)",0.95,fc1.weight,0.1739298,-0.17392979562282562,0,0.95,0.0,leakyrelu
"(7, 15)",0.95,fc1.weight,0.025682334,-0.02568233385682106,0,0.95,0.0,leakyrelu
"(7, 16)",0.94,fc1.weight,-0.06539742,0.06539741903543472,0,0.95,0.010000000000000009,leakyrelu
"(7, 17)",0.94,fc1.weight,-0.22634126,0.22634126245975494,0,0.95,0.010000000000000009,leakyrelu
"(7, 18)",0.95,fc1.weight,0.16122511,-0.1612251102924347,0,0.95,0.0,leakyrelu
"(7, 19)",0.95,fc1.weight,0.14861056,-0.14861056208610535,0,0.95,0.0,leakyrelu
"(7, 20)",0.95,fc1.weight,0.091337256,-0.09133725613355637,0,0.95,0.0,leakyrelu
"(7, 21)",0.95,fc1.weight,0.07583225,-0.07583224773406982,0,0.95,0.0,leakyrelu
"(7, 22)",0.94,fc1.weight,0.25185654,-0.2518565356731415,0,0.95,0.010000000000000009,leakyrelu
"(7, 23)",0.93,fc1.weight,-0.25192633,0.25192633271217346,0,0.95,0.019999999999999907,leakyrelu
"(7, 24)",0.95,fc1.weight,0.26774555,-0.2677455544471741,0,0.95,0.0,leakyrelu
"(7, 25)",0.93,fc1.weight,-0.058632556,0.05863255634903908,0,0.95,0.019999999999999907,leakyrelu
"(7, 26)",0.95,fc1.weight,-0.03366726,0.03366725891828537,0,0.95,0.0,leakyrelu
"(7, 27)",0.95,fc1.weight,0.08500856,-0.08500856161117554,0,0.95,0.0,leakyrelu
"(7, 28)",0.94,fc1.weight,-0.07837857,0.0783785730600357,0,0.95,0.010000000000000009,leakyrelu
"(7, 29)",0.95,fc1.weight,-0.22308849,0.22308848798274994,0,0.95,0.0,leakyrelu
"(7, 30)",0.95,fc1.weight,0.124367245,-0.12436724454164505,0,0.95,0.0,leakyrelu
"(7, 31)",0.95,fc1.weight,-0.0036595939,0.0036595938727259636,0,0.95,0.0,leakyrelu
"(7, 32)",0.95,fc1.weight,-0.011887372,0.01188737154006958,0,0.95,0.0,leakyrelu
"(7, 33)",0.94,fc1.weight,-0.09257555,0.0925755500793457,0,0.95,0.010000000000000009,leakyrelu
"(7, 34)",0.93,fc1.weight,-0.33092356,0.33092355728149414,0,0.95,0.019999999999999907,leakyrelu
"(7, 35)",0.94,fc1.weight,-0.3682495,0.3682495057582855,0,0.95,0.010000000000000009,leakyrelu
"(7, 36)",0.95,fc1.weight,0.100612976,-0.10061297565698624,0,0.95,0.0,leakyrelu
"(7, 37)",0.94,fc1.weight,-0.04034393,0.04034392908215523,0,0.95,0.010000000000000009,leakyrelu
"(7, 38)",0.94,fc1.weight,-0.3232089,0.32320889830589294,0,0.95,0.010000000000000009,leakyrelu
"(7, 39)",0.95,fc1.weight,0.16243482,-0.16243481636047363,0,0.95,0.0,leakyrelu
"(7, 40)",0.95,fc1.weight,0.013123679,-0.013123678974807262,0,0.95,0.0,leakyrelu
"(7, 41)",0.95,fc1.weight,0.26013154,-0.2601315379142761,0,0.95,0.0,leakyrelu
"(7, 42)",0.95,fc1.weight,-0.13917056,0.1391705572605133,0,0.95,0.0,leakyrelu
"(7, 43)",0.89,fc1.weight,-0.3482634,0.3482634127140045,0,0.95,0.05999999999999994,leakyrelu
"(7, 44)",0.92,fc1.weight,-0.23640443,0.2364044338464737,0,0.95,0.029999999999999916,leakyrelu
"(7, 45)",0.95,fc1.weight,0.21609713,-0.2160971313714981,0,0.95,0.0,leakyrelu
"(7, 46)",0.94,fc1.weight,-0.09430294,0.0943029373884201,0,0.95,0.010000000000000009,leakyrelu
"(7, 47)",0.91,fc1.weight,-0.16508709,0.16508708894252777,0,0.95,0.039999999999999925,leakyrelu
"(7, 48)",0.95,fc1.weight,0.05350985,-0.053509850054979324,0,0.95,0.0,leakyrelu
"(7, 49)",0.95,fc1.weight,0.03754002,-0.0375400185585022,0,0.95,0.0,leakyrelu
"(7, 50)",0.94,fc1.weight,0.18622366,-0.18622365593910217,0,0.95,0.010000000000000009,leakyrelu
"(7, 51)",0.95,fc1.weight,-0.053332284,0.05333228409290314,0,0.95,0.0,leakyrelu
"(7, 52)",0.95,fc1.weight,0.111567505,-0.11156750470399857,0,0.95,0.0,leakyrelu
"(7, 53)",0.95,fc1.weight,0.11727619,-0.11727619171142578,0,0.95,0.0,leakyrelu
"(7, 54)",0.94,fc1.weight,0.15287359,-0.15287359058856964,0,0.95,0.010000000000000009,leakyrelu
"(7, 55)",0.94,fc1.weight,0.21142519,-0.21142518520355225,0,0.95,0.010000000000000009,leakyrelu
"(7, 56)",0.95,fc1.weight,0.1640077,-0.16400769352912903,0,0.95,0.0,leakyrelu
"(7, 57)",0.95,fc1.weight,0.27191007,-0.27191007137298584,0,0.95,0.0,leakyrelu
"(7, 58)",0.91,fc1.weight,-0.14186293,0.1418629288673401,0,0.95,0.039999999999999925,leakyrelu
"(7, 59)",0.95,fc1.weight,0.051929567,-0.05192956700921059,0,0.95,0.0,leakyrelu
"(7, 60)",0.93,fc1.weight,-0.17404559,0.174045592546463,0,0.95,0.019999999999999907,leakyrelu
"(7, 61)",0.91,fc1.weight,-0.22379166,0.22379165887832642,0,0.95,0.039999999999999925,leakyrelu
"(7, 62)",0.94,fc1.weight,-0.17461474,0.17461474239826202,0,0.95,0.010000000000000009,leakyrelu
"(7, 63)",0.95,fc1.weight,0.1644457,-0.164445698261261,0,0.95,0.0,leakyrelu
"(7, 64)",0.95,fc1.weight,0.11747949,-0.11747948825359344,0,0.95,0.0,leakyrelu
"(7, 65)",0.95,fc1.weight,-0.26734853,0.2673485279083252,0,0.95,0.0,leakyrelu
"(7, 66)",0.95,fc1.weight,0.0018790704,-0.001879070419818163,0,0.95,0.0,leakyrelu
"(7, 67)",0.95,fc1.weight,-0.015739601,0.015739601105451584,0,0.95,0.0,leakyrelu
"(7, 68)",0.95,fc1.weight,-0.116800874,0.11680087447166443,0,0.95,0.0,leakyrelu
"(7, 69)",0.95,fc1.weight,-0.06127567,0.0612756684422493,0,0.95,0.0,leakyrelu
"(7, 70)",0.93,fc1.weight,-0.24948344,0.24948343634605408,0,0.95,0.019999999999999907,leakyrelu
"(7, 71)",0.95,fc1.weight,0.09828265,-0.09828265011310577,0,0.95,0.0,leakyrelu
"(8, 0)",0.95,fc1.weight,0.18787636,-0.187876358628273,0,0.95,0.0,leakyrelu
"(8, 1)",0.95,fc1.weight,-0.092880525,0.09288052469491959,0,0.95,0.0,leakyrelu
"(8, 2)",0.95,fc1.weight,-0.03092669,0.030926689505577087,0,0.95,0.0,leakyrelu
"(8, 3)",0.95,fc1.weight,-0.024729943,0.02472994290292263,0,0.95,0.0,leakyrelu
"(8, 4)",0.94,fc1.weight,0.20092052,-0.20092052221298218,0,0.95,0.010000000000000009,leakyrelu
"(8, 5)",0.95,fc1.weight,-0.27697408,0.276974081993103,0,0.95,0.0,leakyrelu
"(8, 6)",0.95,fc1.weight,0.030242182,-0.030242182314395905,0,0.95,0.0,leakyrelu
"(8, 7)",0.95,fc1.weight,-0.17747238,0.17747238278388977,0,0.95,0.0,leakyrelu
"(8, 8)",0.95,fc1.weight,0.08250362,-0.08250361680984497,0,0.95,0.0,leakyrelu
"(8, 9)",0.95,fc1.weight,0.0020863863,-0.0020863863173872232,0,0.95,0.0,leakyrelu
"(8, 10)",0.95,fc1.weight,-0.04420936,0.04420936107635498,0,0.95,0.0,leakyrelu
"(8, 11)",0.95,fc1.weight,-0.018254142,0.018254142254590988,0,0.95,0.0,leakyrelu
"(8, 12)",0.95,fc1.weight,0.0746817,-0.07468169927597046,0,0.95,0.0,leakyrelu
"(8, 13)",0.93,fc1.weight,0.1284985,-0.12849849462509155,0,0.95,0.019999999999999907,leakyrelu
"(8, 14)",0.93,fc1.weight,-0.2468987,0.24689869582653046,0,0.95,0.019999999999999907,leakyrelu
"(8, 15)",0.95,fc1.weight,-0.030276045,0.030276045203208923,0,0.95,0.0,leakyrelu
"(8, 16)",0.95,fc1.weight,0.11606692,-0.11606691777706146,0,0.95,0.0,leakyrelu
"(8, 17)",0.95,fc1.weight,0.064388745,-0.06438874453306198,0,0.95,0.0,leakyrelu
"(8, 18)",0.95,fc1.weight,-0.07288224,0.07288224250078201,0,0.95,0.0,leakyrelu
"(8, 19)",0.95,fc1.weight,-0.2865805,0.28658050298690796,0,0.95,0.0,leakyrelu
"(8, 20)",0.95,fc1.weight,-0.016483137,0.016483137384057045,0,0.95,0.0,leakyrelu
"(8, 21)",0.95,fc1.weight,0.0373923,-0.03739229962229729,0,0.95,0.0,leakyrelu
"(8, 22)",0.94,fc1.weight,-0.19616716,0.19616715610027313,0,0.95,0.010000000000000009,leakyrelu
"(8, 23)",0.95,fc1.weight,0.052143704,-0.052143704146146774,0,0.95,0.0,leakyrelu
"(8, 24)",0.94,fc1.weight,-0.15543695,0.1554369479417801,0,0.95,0.010000000000000009,leakyrelu
"(8, 25)",0.91,fc1.weight,-0.38021716,0.38021716475486755,0,0.95,0.039999999999999925,leakyrelu
"(8, 26)",0.95,fc1.weight,0.0059626875,-0.00596268754452467,0,0.95,0.0,leakyrelu
"(8, 27)",0.95,fc1.weight,0.030673575,-0.030673574656248093,0,0.95,0.0,leakyrelu
"(8, 28)",0.95,fc1.weight,0.055397127,-0.05539712682366371,0,0.95,0.0,leakyrelu
"(8, 29)",0.95,fc1.weight,0.15843731,-0.1584373116493225,0,0.95,0.0,leakyrelu
"(8, 30)",0.95,fc1.weight,0.2576476,-0.2576476037502289,0,0.95,0.0,leakyrelu
"(8, 31)",0.95,fc1.weight,0.081647635,-0.08164763450622559,0,0.95,0.0,leakyrelu
"(8, 32)",0.95,fc1.weight,-0.010738277,0.01073827687650919,0,0.95,0.0,leakyrelu
"(8, 33)",0.95,fc1.weight,0.029319098,-0.029319098219275475,0,0.95,0.0,leakyrelu
"(8, 34)",0.95,fc1.weight,-0.07137761,0.07137761265039444,0,0.95,0.0,leakyrelu
"(8, 35)",0.95,fc1.weight,0.03394557,-0.03394557163119316,0,0.95,0.0,leakyrelu
"(8, 36)",0.95,fc1.weight,-0.19462007,0.1946200728416443,0,0.95,0.0,leakyrelu
"(8, 37)",0.95,fc1.weight,0.0032492694,-0.0032492694444954395,0,0.95,0.0,leakyrelu
"(8, 38)",0.94,fc1.weight,0.17504252,-0.175042524933815,0,0.95,0.010000000000000009,leakyrelu
"(8, 39)",0.95,fc1.weight,0.05589308,-0.055893078446388245,0,0.95,0.0,leakyrelu
"(8, 40)",0.94,fc1.weight,0.17795356,-0.1779535561800003,0,0.95,0.010000000000000009,leakyrelu
"(8, 41)",0.95,fc1.weight,0.04168386,-0.0416838601231575,0,0.95,0.0,leakyrelu
"(8, 42)",0.95,fc1.weight,0.10522744,-0.10522744059562683,0,0.95,0.0,leakyrelu
"(8, 43)",0.95,fc1.weight,0.058084026,-0.05808402597904205,0,0.95,0.0,leakyrelu
"(8, 44)",0.95,fc1.weight,0.02063862,-0.020638620480895042,0,0.95,0.0,leakyrelu
"(8, 45)",0.95,fc1.weight,-0.10484776,0.10484775900840759,0,0.95,0.0,leakyrelu
"(8, 46)",0.95,fc1.weight,-0.21652037,0.21652036905288696,0,0.95,0.0,leakyrelu
"(8, 47)",0.95,fc1.weight,-0.053322632,0.05332263186573982,0,0.95,0.0,leakyrelu
"(8, 48)",0.95,fc1.weight,-0.068052426,0.06805242598056793,0,0.95,0.0,leakyrelu
"(8, 49)",0.94,fc1.weight,-0.20030992,0.20030991733074188,0,0.95,0.010000000000000009,leakyrelu
"(8, 50)",0.93,fc1.weight,-0.17919022,0.17919021844863892,0,0.95,0.019999999999999907,leakyrelu
"(8, 51)",0.95,fc1.weight,-0.1149079,0.1149078980088234,0,0.95,0.0,leakyrelu
"(8, 52)",0.95,fc1.weight,-0.0739686,0.07396859675645828,0,0.95,0.0,leakyrelu
"(8, 53)",0.93,fc1.weight,0.11459133,-0.1145913302898407,0,0.95,0.019999999999999907,leakyrelu
"(8, 54)",0.95,fc1.weight,-0.05370788,0.05370787903666496,0,0.95,0.0,leakyrelu
"(8, 55)",0.94,fc1.weight,0.06858958,-0.06858958303928375,0,0.95,0.010000000000000009,leakyrelu
"(8, 56)",0.94,fc1.weight,0.043574765,-0.04357476532459259,0,0.95,0.010000000000000009,leakyrelu
"(8, 57)",0.95,fc1.weight,-0.03762719,0.037627190351486206,0,0.95,0.0,leakyrelu
"(8, 58)",0.91,fc1.weight,0.16953985,-0.16953985393047333,0,0.95,0.039999999999999925,leakyrelu
"(8, 59)",0.95,fc1.weight,-0.041600347,0.04160034656524658,0,0.95,0.0,leakyrelu
"(8, 60)",0.94,fc1.weight,-0.23796469,0.2379646897315979,0,0.95,0.010000000000000009,leakyrelu
"(8, 61)",0.95,fc1.weight,0.056157015,-0.05615701526403427,0,0.95,0.0,leakyrelu
"(8, 62)",0.95,fc1.weight,0.063507065,-0.0635070651769638,0,0.95,0.0,leakyrelu
"(8, 63)",0.95,fc1.weight,-0.25889328,0.25889328122138977,0,0.95,0.0,leakyrelu
"(8, 64)",0.95,fc1.weight,-0.47065383,0.47065383195877075,0,0.95,0.0,leakyrelu
"(8, 65)",0.95,fc1.weight,-0.23161265,0.2316126525402069,0,0.95,0.0,leakyrelu
"(8, 66)",0.95,fc1.weight,0.17263663,-0.17263662815093994,0,0.95,0.0,leakyrelu
"(8, 67)",0.95,fc1.weight,-0.20911318,0.20911318063735962,0,0.95,0.0,leakyrelu
"(8, 68)",0.95,fc1.weight,-0.063284576,0.06328457593917847,0,0.95,0.0,leakyrelu
"(8, 69)",0.95,fc1.weight,-0.06721955,0.06721954792737961,0,0.95,0.0,leakyrelu
"(8, 70)",0.95,fc1.weight,-0.09788844,0.09788843989372253,0,0.95,0.0,leakyrelu
"(8, 71)",0.95,fc1.weight,0.024851715,-0.024851715192198753,0,0.95,0.0,leakyrelu
"(9, 0)",0.95,fc1.weight,-0.21807417,0.21807417273521423,0,0.95,0.0,leakyrelu
"(9, 1)",0.95,fc1.weight,-0.38230395,0.38230395317077637,0,0.95,0.0,leakyrelu
"(9, 2)",0.95,fc1.weight,-0.10920772,0.10920771956443787,0,0.95,0.0,leakyrelu
"(9, 3)",0.95,fc1.weight,0.17789322,-0.17789322137832642,0,0.95,0.0,leakyrelu
"(9, 4)",0.95,fc1.weight,-0.22551344,0.22551344335079193,0,0.95,0.0,leakyrelu
"(9, 5)",0.95,fc1.weight,-0.16111419,0.1611141860485077,0,0.95,0.0,leakyrelu
"(9, 6)",0.95,fc1.weight,-0.11465856,0.11465855687856674,0,0.95,0.0,leakyrelu
"(9, 7)",0.95,fc1.weight,0.06498897,-0.06498897075653076,0,0.95,0.0,leakyrelu
"(9, 8)",0.95,fc1.weight,0.16439962,-0.1643996238708496,0,0.95,0.0,leakyrelu
"(9, 9)",0.95,fc1.weight,-0.2183653,0.21836529672145844,0,0.95,0.0,leakyrelu
"(9, 10)",0.94,fc1.weight,-0.30930924,0.3093092441558838,0,0.95,0.010000000000000009,leakyrelu
"(9, 11)",0.95,fc1.weight,-0.14324525,0.14324524998664856,0,0.95,0.0,leakyrelu
"(9, 12)",0.95,fc1.weight,0.27555665,-0.27555665373802185,0,0.95,0.0,leakyrelu
"(9, 13)",0.94,fc1.weight,0.25086907,-0.2508690655231476,0,0.95,0.010000000000000009,leakyrelu
"(9, 14)",0.95,fc1.weight,0.12031475,-0.12031474709510803,0,0.95,0.0,leakyrelu
"(9, 15)",0.95,fc1.weight,-0.017341146,0.017341146245598793,0,0.95,0.0,leakyrelu
"(9, 16)",0.95,fc1.weight,-0.21054153,0.2105415314435959,0,0.95,0.0,leakyrelu
"(9, 17)",0.95,fc1.weight,0.07817343,-0.07817342877388,0,0.95,0.0,leakyrelu
"(9, 18)",0.95,fc1.weight,-0.1704713,0.17047129571437836,0,0.95,0.0,leakyrelu
"(9, 19)",0.95,fc1.weight,-0.29516238,0.2951623797416687,0,0.95,0.0,leakyrelu
"(9, 20)",0.95,fc1.weight,0.09694636,-0.0969463586807251,0,0.95,0.0,leakyrelu
"(9, 21)",0.94,fc1.weight,-0.42519978,0.4251997768878937,0,0.95,0.010000000000000009,leakyrelu
"(9, 22)",0.95,fc1.weight,-0.07590277,0.07590276747941971,0,0.95,0.0,leakyrelu
"(9, 23)",0.94,fc1.weight,-0.15369476,0.1536947637796402,0,0.95,0.010000000000000009,leakyrelu
"(9, 24)",0.95,fc1.weight,0.019277398,-0.01927739754319191,0,0.95,0.0,leakyrelu
"(9, 25)",0.92,fc1.weight,0.29498166,-0.2949816584587097,0,0.95,0.029999999999999916,leakyrelu
"(9, 26)",0.93,fc1.weight,-0.49549735,0.49549734592437744,0,0.95,0.019999999999999907,leakyrelu
"(9, 27)",0.95,fc1.weight,-0.3739603,0.3739602863788605,0,0.95,0.0,leakyrelu
"(9, 28)",0.95,fc1.weight,-0.006639839,0.0066398391500115395,0,0.95,0.0,leakyrelu
"(9, 29)",0.95,fc1.weight,0.033535704,-0.033535704016685486,0,0.95,0.0,leakyrelu
"(9, 30)",0.95,fc1.weight,0.047297485,-0.047297485172748566,0,0.95,0.0,leakyrelu
"(9, 31)",0.95,fc1.weight,0.12818803,-0.12818802893161774,0,0.95,0.0,leakyrelu
"(9, 32)",0.95,fc1.weight,0.06579,-0.06578999757766724,0,0.95,0.0,leakyrelu
"(9, 33)",0.95,fc1.weight,0.0067251143,-0.006725114304572344,0,0.95,0.0,leakyrelu
"(9, 34)",0.95,fc1.weight,-0.013094914,0.013094914145767689,0,0.95,0.0,leakyrelu
"(9, 35)",0.95,fc1.weight,-0.21784768,0.21784767508506775,0,0.95,0.0,leakyrelu
"(9, 36)",0.95,fc1.weight,-0.32376686,0.3237668573856354,0,0.95,0.0,leakyrelu
"(9, 37)",0.95,fc1.weight,-0.1832329,0.18323290348052979,0,0.95,0.0,leakyrelu
"(9, 38)",0.95,fc1.weight,-0.04679903,0.046799030154943466,0,0.95,0.0,leakyrelu
"(9, 39)",0.95,fc1.weight,0.14843127,-0.14843127131462097,0,0.95,0.0,leakyrelu
"(9, 40)",0.95,fc1.weight,0.022518046,-0.02251804620027542,0,0.95,0.0,leakyrelu
"(9, 41)",0.95,fc1.weight,-0.019278917,0.019278917461633682,0,0.95,0.0,leakyrelu
"(9, 42)",0.95,fc1.weight,0.05504181,-0.055041808634996414,0,0.95,0.0,leakyrelu
"(9, 43)",0.95,fc1.weight,-0.0508812,0.05088119953870773,0,0.95,0.0,leakyrelu
"(9, 44)",0.95,fc1.weight,-0.03578253,0.03578253090381622,0,0.95,0.0,leakyrelu
"(9, 45)",0.95,fc1.weight,-0.12893511,0.12893511354923248,0,0.95,0.0,leakyrelu
"(9, 46)",0.95,fc1.weight,-0.35737696,0.35737696290016174,0,0.95,0.0,leakyrelu
"(9, 47)",0.95,fc1.weight,0.0039407224,-0.003940722439438105,0,0.95,0.0,leakyrelu
"(9, 48)",0.95,fc1.weight,0.020538254,-0.02053825370967388,0,0.95,0.0,leakyrelu
"(9, 49)",0.95,fc1.weight,-0.071731724,0.07173172384500504,0,0.95,0.0,leakyrelu
"(9, 50)",0.95,fc1.weight,0.05632449,-0.056324489414691925,0,0.95,0.0,leakyrelu
"(9, 51)",0.95,fc1.weight,-0.12681118,0.1268111765384674,0,0.95,0.0,leakyrelu
"(9, 52)",0.95,fc1.weight,0.028090455,-0.028090454638004303,0,0.95,0.0,leakyrelu
"(9, 53)",0.95,fc1.weight,0.017728606,-0.01772860623896122,0,0.95,0.0,leakyrelu
"(9, 54)",0.95,fc1.weight,-0.013619643,0.013619642704725266,0,0.95,0.0,leakyrelu
"(9, 55)",0.94,fc1.weight,0.12225475,-0.12225475162267685,0,0.95,0.010000000000000009,leakyrelu
"(9, 56)",0.92,fc1.weight,0.18300468,-0.18300467729568481,0,0.95,0.029999999999999916,leakyrelu
"(9, 57)",0.95,fc1.weight,-0.038371902,0.03837190195918083,0,0.95,0.0,leakyrelu
"(9, 58)",0.94,fc1.weight,0.13012753,-0.13012753427028656,0,0.95,0.010000000000000009,leakyrelu
"(9, 59)",0.95,fc1.weight,-0.09060473,0.09060472995042801,0,0.95,0.0,leakyrelu
"(9, 60)",0.95,fc1.weight,-0.20527515,0.20527514815330505,0,0.95,0.0,leakyrelu
"(9, 61)",0.91,fc1.weight,-0.23799586,0.23799586296081543,0,0.95,0.039999999999999925,leakyrelu
"(9, 62)",0.94,fc1.weight,-0.21455581,0.21455581486225128,0,0.95,0.010000000000000009,leakyrelu
"(9, 63)",0.95,fc1.weight,-0.33853137,0.33853137493133545,0,0.95,0.0,leakyrelu
"(9, 64)",0.95,fc1.weight,-0.39457706,0.3945770561695099,0,0.95,0.0,leakyrelu
"(9, 65)",0.95,fc1.weight,-0.025242342,0.025242341682314873,0,0.95,0.0,leakyrelu
"(9, 66)",0.95,fc1.weight,0.08139378,-0.0813937783241272,0,0.95,0.0,leakyrelu
"(9, 67)",0.95,fc1.weight,0.17814575,-0.17814575135707855,0,0.95,0.0,leakyrelu
"(9, 68)",0.95,fc1.weight,-0.17732298,0.17732298374176025,0,0.95,0.0,leakyrelu
"(9, 69)",0.95,fc1.weight,-0.052890312,0.05289031192660332,0,0.95,0.0,leakyrelu
"(9, 70)",0.95,fc1.weight,-0.029774021,0.029774021357297897,0,0.95,0.0,leakyrelu
"(9, 71)",0.95,fc1.weight,-0.06633798,0.06633798032999039,0,0.95,0.0,leakyrelu
"(0,)",0.95,fc1.bias,-0.121110015,0.12111001461744308,0,0.95,0.0,leakyrelu
"(1,)",0.95,fc1.bias,0.29522023,-0.2952202260494232,0,0.95,0.0,leakyrelu
"(2,)",0.95,fc1.bias,-0.0786738,0.07867380231618881,0,0.95,0.0,leakyrelu
"(3,)",0.95,fc1.bias,-0.15939412,0.15939411520957947,0,0.95,0.0,leakyrelu
"(4,)",0.95,fc1.bias,0.039057616,-0.039057616144418716,0,0.95,0.0,leakyrelu
"(5,)",0.95,fc1.bias,-0.011771245,0.011771244928240776,0,0.95,0.0,leakyrelu
"(6,)",0.95,fc1.bias,0.10107954,-0.1010795384645462,0,0.95,0.0,leakyrelu
"(7,)",0.95,fc1.bias,0.19909354,-0.1990935355424881,0,0.95,0.0,leakyrelu
"(8,)",0.95,fc1.bias,0.0008590369,-0.0008590369252488017,0,0.95,0.0,leakyrelu
"(9,)",0.95,fc1.bias,-0.024003854,0.024003854021430016,0,0.95,0.0,leakyrelu
